Copyright 1986-2020 Xilinx, Inc. All Rights Reserved.
-----------------------------------------------------------------------------------------------------------------------------------------------------------------------------------------------------
| Tool Version : Vivado v.2020.1 (win64) Build 2902540 Wed May 27 19:54:49 MDT 2020
| Date         : Sat Mar 14 22:55:07 2026
| Host         : Hira running 64-bit major release  (build 9200)
| Command      : report_timing_summary -max_paths 10 -file RF_ALU_TOP_timing_summary_routed.rpt -pb RF_ALU_TOP_timing_summary_routed.pb -rpx RF_ALU_TOP_timing_summary_routed.rpx -warn_on_violation
| Design       : RF_ALU_TOP
| Device       : 7a35ti-cpg236
| Speed File   : -1L  PRODUCTION 1.23 2018-06-13
-----------------------------------------------------------------------------------------------------------------------------------------------------------------------------------------------------

Timing Summary Report

------------------------------------------------------------------------------------------------
| Timer Settings
| --------------
------------------------------------------------------------------------------------------------

  Enable Multi Corner Analysis               :  Yes
  Enable Pessimism Removal                   :  Yes
  Pessimism Removal Resolution               :  Nearest Common Node
  Enable Input Delay Default Clock           :  No
  Enable Preset / Clear Arcs                 :  No
  Disable Flight Delays                      :  No
  Ignore I/O Paths                           :  No
  Timing Early Launch at Borrowing Latches   :  No
  Borrow Time for Max Delay Exceptions       :  Yes
  Merge Timing Exceptions                    :  Yes

  Corner  Analyze    Analyze    
  Name    Max Paths  Min Paths  
  ------  ---------  ---------  
  Slow    Yes        Yes        
  Fast    Yes        Yes        



check_timing report

Table of Contents
-----------------
1. checking no_clock (0)
2. checking constant_clock (0)
3. checking pulse_width_clock (0)
4. checking unconstrained_internal_endpoints (0)
5. checking no_input_delay (17)
6. checking no_output_delay (26)
7. checking multiple_clock (0)
8. checking generated_clocks (0)
9. checking loops (0)
10. checking partial_input_delay (0)
11. checking partial_output_delay (0)
12. checking latch_loops (0)

1. checking no_clock (0)
------------------------
 There are 0 register/latch pins with no clock.


2. checking constant_clock (0)
------------------------------
 There are 0 register/latch pins with constant_clock.


3. checking pulse_width_clock (0)
---------------------------------
 There are 0 register/latch pins which need pulse_width check


4. checking unconstrained_internal_endpoints (0)
------------------------------------------------
 There are 0 pins that are not constrained for maximum delay.

 There are 0 pins that are not constrained for maximum delay due to constant clock.


5. checking no_input_delay (17)
-------------------------------
 There are 17 input ports with no input delay specified. (HIGH)

 There are 0 input ports with no input delay but user has a false path constraint.


6. checking no_output_delay (26)
--------------------------------
 There are 26 ports with no output delay specified. (HIGH)

 There are 0 ports with no output delay but user has a false path constraint

 There are 0 ports with no output delay but with a timing clock defined on it or propagating through it


7. checking multiple_clock (0)
------------------------------
 There are 0 register/latch pins with multiple clocks.


8. checking generated_clocks (0)
--------------------------------
 There are 0 generated clocks that are not connected to a clock source.


9. checking loops (0)
---------------------
 There are 0 combinational loops in the design.


10. checking partial_input_delay (0)
------------------------------------
 There are 0 input ports with partial input delay specified.


11. checking partial_output_delay (0)
-------------------------------------
 There are 0 ports with partial output delay specified.


12. checking latch_loops (0)
----------------------------
 There are 0 combinational latch loops in the design through latch input



------------------------------------------------------------------------------------------------
| Design Timing Summary
| ---------------------
------------------------------------------------------------------------------------------------

    WNS(ns)      TNS(ns)  TNS Failing Endpoints  TNS Total Endpoints      WHS(ns)      THS(ns)  THS Failing Endpoints  THS Total Endpoints     WPWS(ns)     TPWS(ns)  TPWS Failing Endpoints  TPWS Total Endpoints  
    -------      -------  ---------------------  -------------------      -------      -------  ---------------------  -------------------     --------     --------  ----------------------  --------------------  
      0.191        0.000                      0                 2021        0.242        0.000                      0                 2021        4.500        0.000                       0                  1030  


All user specified timing constraints are met.


------------------------------------------------------------------------------------------------
| Clock Summary
| -------------
------------------------------------------------------------------------------------------------

Clock    Waveform(ns)       Period(ns)      Frequency(MHz)
-----    ------------       ----------      --------------
sys_clk  {0.000 5.000}      10.000          100.000         


------------------------------------------------------------------------------------------------
| Intra Clock Table
| -----------------
------------------------------------------------------------------------------------------------

Clock             WNS(ns)      TNS(ns)  TNS Failing Endpoints  TNS Total Endpoints      WHS(ns)      THS(ns)  THS Failing Endpoints  THS Total Endpoints     WPWS(ns)     TPWS(ns)  TPWS Failing Endpoints  TPWS Total Endpoints  
-----             -------      -------  ---------------------  -------------------      -------      -------  ---------------------  -------------------     --------     --------  ----------------------  --------------------  
sys_clk             0.191        0.000                      0                 2021        0.242        0.000                      0                 2021        4.500        0.000                       0                  1030  


------------------------------------------------------------------------------------------------
| Inter Clock Table
| -----------------
------------------------------------------------------------------------------------------------

From Clock    To Clock          WNS(ns)      TNS(ns)  TNS Failing Endpoints  TNS Total Endpoints      WHS(ns)      THS(ns)  THS Failing Endpoints  THS Total Endpoints  
----------    --------          -------      -------  ---------------------  -------------------      -------      -------  ---------------------  -------------------  


------------------------------------------------------------------------------------------------
| Other Path Groups Table
| -----------------------
------------------------------------------------------------------------------------------------

Path Group    From Clock    To Clock          WNS(ns)      TNS(ns)  TNS Failing Endpoints  TNS Total Endpoints      WHS(ns)      THS(ns)  THS Failing Endpoints  THS Total Endpoints  
----------    ----------    --------          -------      -------  ---------------------  -------------------      -------      -------  ---------------------  -------------------  


------------------------------------------------------------------------------------------------
| Timing Details
| --------------
------------------------------------------------------------------------------------------------


---------------------------------------------------------------------------------------------------
From Clock:  sys_clk
  To Clock:  sys_clk

Setup :            0  Failing Endpoints,  Worst Slack        0.191ns,  Total Violation        0.000ns
Hold  :            0  Failing Endpoints,  Worst Slack        0.242ns,  Total Violation        0.000ns
PW    :            0  Failing Endpoints,  Worst Slack        4.500ns,  Total Violation        0.000ns
---------------------------------------------------------------------------------------------------


Max Delay Paths
--------------------------------------------------------------------------------------
Slack (MET) :             0.191ns  (required time - arrival time)
  Source:                 fsm_inst/saved_rs2_addr_reg[3]_rep/C
                            (rising edge-triggered cell FDCE clocked by sys_clk  {rise@0.000ns fall@5.000ns period=10.000ns})
  Destination:            rf_inst/register_bank_reg[29][17]/D
                            (rising edge-triggered cell FDCE clocked by sys_clk  {rise@0.000ns fall@5.000ns period=10.000ns})
  Path Group:             sys_clk
  Path Type:              Setup (Max at Slow Process Corner)
  Requirement:            10.000ns  (sys_clk rise@10.000ns - sys_clk rise@0.000ns)
  Data Path Delay:        9.652ns  (logic 2.326ns (24.100%)  route 7.326ns (75.900%))
  Logic Levels:           9  (LUT4=1 LUT5=1 LUT6=5 MUXF7=2)
  Clock Path Skew:        -0.041ns (DCD - SCD + CPR)
    Destination Clock Delay (DCD):    4.769ns = ( 14.769 - 10.000 ) 
    Source Clock Delay      (SCD):    5.068ns
    Clock Pessimism Removal (CPR):    0.258ns
  Clock Uncertainty:      0.035ns  ((TSJ^2 + TIJ^2)^1/2 + DJ) / 2 + PE
    Total System Jitter     (TSJ):    0.071ns
    Total Input Jitter      (TIJ):    0.000ns
    Discrete Jitter          (DJ):    0.000ns
    Phase Error              (PE):    0.000ns

    Location             Delay type                Incr(ns)  Path(ns)    Netlist Resource(s)
  -------------------------------------------------------------------    -------------------
                         (clock sys_clk rise edge)    0.000     0.000 r  
    W5                                                0.000     0.000 r  clk (IN)
                         net (fo=0)                   0.000     0.000    clk
    W5                   IBUF (Prop_ibuf_I_O)         1.458     1.458 r  clk_IBUF_inst/O
                         net (fo=1, routed)           1.967     3.425    clk_IBUF
    BUFGCTRL_X0Y0        BUFG (Prop_bufg_I_O)         0.096     3.521 r  clk_IBUF_BUFG_inst/O
                         net (fo=1029, routed)        1.547     5.068    fsm_inst/clk_IBUF_BUFG
    SLICE_X43Y65         FDCE                                         r  fsm_inst/saved_rs2_addr_reg[3]_rep/C
  -------------------------------------------------------------------    -------------------
    SLICE_X43Y65         FDCE (Prop_fdce_C_Q)         0.456     5.524 r  fsm_inst/saved_rs2_addr_reg[3]_rep/Q
                         net (fo=124, routed)         1.378     6.902    rf_inst/ALUout0_carry__3_i_75_0
    SLICE_X51Y59         LUT6 (Prop_lut6_I2_O)        0.124     7.026 r  rf_inst/ALUout0_carry_i_81/O
                         net (fo=1, routed)           0.000     7.026    rf_inst/ALUout0_carry_i_81_n_0
    SLICE_X51Y59         MUXF7 (Prop_muxf7_I0_O)      0.212     7.238 r  rf_inst/ALUout0_carry_i_63/O
                         net (fo=1, routed)           0.658     7.896    rf_inst/ALUout0_carry_i_63_n_0
    SLICE_X50Y59         LUT6 (Prop_lut6_I3_O)        0.299     8.195 r  rf_inst/ALUout0_carry_i_25/O
                         net (fo=85, routed)          1.609     9.804    rf_inst/rf_read_data2[3]
    SLICE_X45Y67         LUT4 (Prop_lut4_I1_O)        0.154     9.958 r  rf_inst/register_bank[30][15]_i_12/O
                         net (fo=4, routed)           0.974    10.932    rf_inst/register_bank[30][15]_i_12_n_0
    SLICE_X45Y70         LUT6 (Prop_lut6_I1_O)        0.327    11.259 r  rf_inst/register_bank[30][17]_i_9/O
                         net (fo=2, routed)           0.636    11.895    rf_inst/register_bank[30][17]_i_9_n_0
    SLICE_X46Y71         LUT6 (Prop_lut6_I0_O)        0.124    12.019 r  rf_inst/register_bank[30][17]_i_5/O
                         net (fo=1, routed)           0.638    12.657    rf_inst/register_bank[30][17]_i_5_n_0
    SLICE_X46Y71         LUT5 (Prop_lut5_I0_O)        0.124    12.781 r  rf_inst/register_bank[30][17]_i_3/O
                         net (fo=1, routed)           0.000    12.781    fsm_inst/register_bank_reg[30][17]
    SLICE_X46Y71         MUXF7 (Prop_muxf7_I0_O)      0.209    12.990 r  fsm_inst/register_bank_reg[30][17]_i_2/O
                         net (fo=2, routed)           0.319    13.309    fsm_inst/alu_inst/ALUout__422[17]
    SLICE_X46Y72         LUT6 (Prop_lut6_I0_O)        0.297    13.606 r  fsm_inst/register_bank[30][17]_i_1/O
                         net (fo=31, routed)          1.113    14.719    rf_inst/D[17]
    SLICE_X53Y72         FDCE                                         r  rf_inst/register_bank_reg[29][17]/D
  -------------------------------------------------------------------    -------------------

                         (clock sys_clk rise edge)   10.000    10.000 r  
    W5                                                0.000    10.000 r  clk (IN)
                         net (fo=0)                   0.000    10.000    clk
    W5                   IBUF (Prop_ibuf_I_O)         1.388    11.388 r  clk_IBUF_inst/O
                         net (fo=1, routed)           1.862    13.250    clk_IBUF
    BUFGCTRL_X0Y0        BUFG (Prop_bufg_I_O)         0.091    13.341 r  clk_IBUF_BUFG_inst/O
                         net (fo=1029, routed)        1.428    14.769    rf_inst/CLK
    SLICE_X53Y72         FDCE                                         r  rf_inst/register_bank_reg[29][17]/C
                         clock pessimism              0.258    15.027    
                         clock uncertainty           -0.035    14.992    
    SLICE_X53Y72         FDCE (Setup_fdce_C_D)       -0.081    14.911    rf_inst/register_bank_reg[29][17]
  -------------------------------------------------------------------
                         required time                         14.911    
                         arrival time                         -14.719    
  -------------------------------------------------------------------
                         slack                                  0.191    

Slack (MET) :             0.214ns  (required time - arrival time)
  Source:                 fsm_inst/saved_rs2_addr_reg[3]_rep/C
                            (rising edge-triggered cell FDCE clocked by sys_clk  {rise@0.000ns fall@5.000ns period=10.000ns})
  Destination:            rf_inst/register_bank_reg[11][17]/D
                            (rising edge-triggered cell FDCE clocked by sys_clk  {rise@0.000ns fall@5.000ns period=10.000ns})
  Path Group:             sys_clk
  Path Type:              Setup (Max at Slow Process Corner)
  Requirement:            10.000ns  (sys_clk rise@10.000ns - sys_clk rise@0.000ns)
  Data Path Delay:        9.685ns  (logic 2.326ns (24.017%)  route 7.359ns (75.983%))
  Logic Levels:           9  (LUT4=1 LUT5=1 LUT6=5 MUXF7=2)
  Clock Path Skew:        -0.038ns (DCD - SCD + CPR)
    Destination Clock Delay (DCD):    4.772ns = ( 14.772 - 10.000 ) 
    Source Clock Delay      (SCD):    5.068ns
    Clock Pessimism Removal (CPR):    0.258ns
  Clock Uncertainty:      0.035ns  ((TSJ^2 + TIJ^2)^1/2 + DJ) / 2 + PE
    Total System Jitter     (TSJ):    0.071ns
    Total Input Jitter      (TIJ):    0.000ns
    Discrete Jitter          (DJ):    0.000ns
    Phase Error              (PE):    0.000ns

    Location             Delay type                Incr(ns)  Path(ns)    Netlist Resource(s)
  -------------------------------------------------------------------    -------------------
                         (clock sys_clk rise edge)    0.000     0.000 r  
    W5                                                0.000     0.000 r  clk (IN)
                         net (fo=0)                   0.000     0.000    clk
    W5                   IBUF (Prop_ibuf_I_O)         1.458     1.458 r  clk_IBUF_inst/O
                         net (fo=1, routed)           1.967     3.425    clk_IBUF
    BUFGCTRL_X0Y0        BUFG (Prop_bufg_I_O)         0.096     3.521 r  clk_IBUF_BUFG_inst/O
                         net (fo=1029, routed)        1.547     5.068    fsm_inst/clk_IBUF_BUFG
    SLICE_X43Y65         FDCE                                         r  fsm_inst/saved_rs2_addr_reg[3]_rep/C
  -------------------------------------------------------------------    -------------------
    SLICE_X43Y65         FDCE (Prop_fdce_C_Q)         0.456     5.524 r  fsm_inst/saved_rs2_addr_reg[3]_rep/Q
                         net (fo=124, routed)         1.378     6.902    rf_inst/ALUout0_carry__3_i_75_0
    SLICE_X51Y59         LUT6 (Prop_lut6_I2_O)        0.124     7.026 r  rf_inst/ALUout0_carry_i_81/O
                         net (fo=1, routed)           0.000     7.026    rf_inst/ALUout0_carry_i_81_n_0
    SLICE_X51Y59         MUXF7 (Prop_muxf7_I0_O)      0.212     7.238 r  rf_inst/ALUout0_carry_i_63/O
                         net (fo=1, routed)           0.658     7.896    rf_inst/ALUout0_carry_i_63_n_0
    SLICE_X50Y59         LUT6 (Prop_lut6_I3_O)        0.299     8.195 r  rf_inst/ALUout0_carry_i_25/O
                         net (fo=85, routed)          1.609     9.804    rf_inst/rf_read_data2[3]
    SLICE_X45Y67         LUT4 (Prop_lut4_I1_O)        0.154     9.958 r  rf_inst/register_bank[30][15]_i_12/O
                         net (fo=4, routed)           0.974    10.932    rf_inst/register_bank[30][15]_i_12_n_0
    SLICE_X45Y70         LUT6 (Prop_lut6_I1_O)        0.327    11.259 r  rf_inst/register_bank[30][17]_i_9/O
                         net (fo=2, routed)           0.636    11.895    rf_inst/register_bank[30][17]_i_9_n_0
    SLICE_X46Y71         LUT6 (Prop_lut6_I0_O)        0.124    12.019 r  rf_inst/register_bank[30][17]_i_5/O
                         net (fo=1, routed)           0.638    12.657    rf_inst/register_bank[30][17]_i_5_n_0
    SLICE_X46Y71         LUT5 (Prop_lut5_I0_O)        0.124    12.781 r  rf_inst/register_bank[30][17]_i_3/O
                         net (fo=1, routed)           0.000    12.781    fsm_inst/register_bank_reg[30][17]
    SLICE_X46Y71         MUXF7 (Prop_muxf7_I0_O)      0.209    12.990 r  fsm_inst/register_bank_reg[30][17]_i_2/O
                         net (fo=2, routed)           0.319    13.309    fsm_inst/alu_inst/ALUout__422[17]
    SLICE_X46Y72         LUT6 (Prop_lut6_I0_O)        0.297    13.606 r  fsm_inst/register_bank[30][17]_i_1/O
                         net (fo=31, routed)          1.146    14.753    rf_inst/D[17]
    SLICE_X52Y69         FDCE                                         r  rf_inst/register_bank_reg[11][17]/D
  -------------------------------------------------------------------    -------------------

                         (clock sys_clk rise edge)   10.000    10.000 r  
    W5                                                0.000    10.000 r  clk (IN)
                         net (fo=0)                   0.000    10.000    clk
    W5                   IBUF (Prop_ibuf_I_O)         1.388    11.388 r  clk_IBUF_inst/O
                         net (fo=1, routed)           1.862    13.250    clk_IBUF
    BUFGCTRL_X0Y0        BUFG (Prop_bufg_I_O)         0.091    13.341 r  clk_IBUF_BUFG_inst/O
                         net (fo=1029, routed)        1.431    14.772    rf_inst/CLK
    SLICE_X52Y69         FDCE                                         r  rf_inst/register_bank_reg[11][17]/C
                         clock pessimism              0.258    15.030    
                         clock uncertainty           -0.035    14.995    
    SLICE_X52Y69         FDCE (Setup_fdce_C_D)       -0.028    14.967    rf_inst/register_bank_reg[11][17]
  -------------------------------------------------------------------
                         required time                         14.967    
                         arrival time                         -14.753    
  -------------------------------------------------------------------
                         slack                                  0.214    

Slack (MET) :             0.230ns  (required time - arrival time)
  Source:                 fsm_inst/saved_rs1_addr_reg[3]/C
                            (rising edge-triggered cell FDCE clocked by sys_clk  {rise@0.000ns fall@5.000ns period=10.000ns})
  Destination:            rf_inst/register_bank_reg[18][29]/D
                            (rising edge-triggered cell FDCE clocked by sys_clk  {rise@0.000ns fall@5.000ns period=10.000ns})
  Path Group:             sys_clk
  Path Type:              Setup (Max at Slow Process Corner)
  Requirement:            10.000ns  (sys_clk rise@10.000ns - sys_clk rise@0.000ns)
  Data Path Delay:        9.546ns  (logic 3.247ns (34.014%)  route 6.299ns (65.986%))
  Logic Levels:           12  (CARRY4=4 LUT2=1 LUT4=1 LUT5=2 LUT6=2 MUXF7=2)
  Clock Path Skew:        -0.121ns (DCD - SCD + CPR)
    Destination Clock Delay (DCD):    4.761ns = ( 14.761 - 10.000 ) 
    Source Clock Delay      (SCD):    5.069ns
    Clock Pessimism Removal (CPR):    0.187ns
  Clock Uncertainty:      0.035ns  ((TSJ^2 + TIJ^2)^1/2 + DJ) / 2 + PE
    Total System Jitter     (TSJ):    0.071ns
    Total Input Jitter      (TIJ):    0.000ns
    Discrete Jitter          (DJ):    0.000ns
    Phase Error              (PE):    0.000ns

    Location             Delay type                Incr(ns)  Path(ns)    Netlist Resource(s)
  -------------------------------------------------------------------    -------------------
                         (clock sys_clk rise edge)    0.000     0.000 r  
    W5                                                0.000     0.000 r  clk (IN)
                         net (fo=0)                   0.000     0.000    clk
    W5                   IBUF (Prop_ibuf_I_O)         1.458     1.458 r  clk_IBUF_inst/O
                         net (fo=1, routed)           1.967     3.425    clk_IBUF
    BUFGCTRL_X0Y0        BUFG (Prop_bufg_I_O)         0.096     3.521 r  clk_IBUF_BUFG_inst/O
                         net (fo=1029, routed)        1.548     5.069    fsm_inst/clk_IBUF_BUFG
    SLICE_X47Y65         FDCE                                         r  fsm_inst/saved_rs1_addr_reg[3]/C
  -------------------------------------------------------------------    -------------------
    SLICE_X47Y65         FDCE (Prop_fdce_C_Q)         0.456     5.525 r  fsm_inst/saved_rs1_addr_reg[3]/Q
                         net (fo=256, routed)         1.642     7.167    rf_inst/ALUout0_carry__6_i_49_0[3]
    SLICE_X48Y77         LUT5 (Prop_lut5_I2_O)        0.124     7.291 r  rf_inst/ALUout0_carry__3_i_59/O
                         net (fo=1, routed)           0.000     7.291    rf_inst/ALUout0_carry__3_i_59_n_0
    SLICE_X48Y77         MUXF7 (Prop_muxf7_I0_O)      0.212     7.503 r  rf_inst/ALUout0_carry__3_i_24/O
                         net (fo=1, routed)           0.857     8.359    rf_inst/ALUout0_carry__3_i_24_n_0
    SLICE_X49Y77         LUT6 (Prop_lut6_I5_O)        0.299     8.658 r  rf_inst/ALUout0_carry__3_i_4/O
                         net (fo=14, routed)          1.329     9.987    rf_inst/rf_read_data1[16]
    SLICE_X44Y69         LUT2 (Prop_lut2_I0_O)        0.124    10.111 r  rf_inst/register_bank[30][19]_i_17/O
                         net (fo=1, routed)           0.000    10.111    rf_inst/register_bank[30][19]_i_17_n_0
    SLICE_X44Y69         CARRY4 (Prop_carry4_S[0]_CO[3])
                                                      0.532    10.643 r  rf_inst/register_bank_reg[30][19]_i_11/CO[3]
                         net (fo=1, routed)           0.000    10.643    rf_inst/register_bank_reg[30][19]_i_11_n_0
    SLICE_X44Y70         CARRY4 (Prop_carry4_CI_CO[3])
                                                      0.114    10.757 r  rf_inst/register_bank_reg[30][23]_i_11/CO[3]
                         net (fo=1, routed)           0.000    10.757    rf_inst/register_bank_reg[30][23]_i_11_n_0
    SLICE_X44Y71         CARRY4 (Prop_carry4_CI_CO[3])
                                                      0.114    10.871 r  rf_inst/register_bank_reg[30][27]_i_11/CO[3]
                         net (fo=1, routed)           0.000    10.871    rf_inst/register_bank_reg[30][27]_i_11_n_0
    SLICE_X44Y72         CARRY4 (Prop_carry4_CI_O[1])
                                                      0.334    11.205 r  rf_inst/register_bank_reg[30][31]_i_17/O[1]
                         net (fo=1, routed)           0.592    11.797    rf_inst/data2[29]
    SLICE_X39Y73         LUT4 (Prop_lut4_I0_O)        0.303    12.100 r  rf_inst/register_bank[30][29]_i_7/O
                         net (fo=1, routed)           0.564    12.664    rf_inst/register_bank[30][29]_i_7_n_0
    SLICE_X37Y73         LUT5 (Prop_lut5_I4_O)        0.124    12.788 r  rf_inst/register_bank[30][29]_i_3/O
                         net (fo=1, routed)           0.000    12.788    fsm_inst/register_bank_reg[30][29]
    SLICE_X37Y73         MUXF7 (Prop_muxf7_I0_O)      0.212    13.000 r  fsm_inst/register_bank_reg[30][29]_i_2/O
                         net (fo=2, routed)           0.452    13.453    fsm_inst/alu_inst/ALUout__422[29]
    SLICE_X37Y73         LUT6 (Prop_lut6_I0_O)        0.299    13.752 r  fsm_inst/register_bank[30][29]_i_1/O
                         net (fo=31, routed)          0.863    14.615    rf_inst/D[29]
    SLICE_X33Y73         FDCE                                         r  rf_inst/register_bank_reg[18][29]/D
  -------------------------------------------------------------------    -------------------

                         (clock sys_clk rise edge)   10.000    10.000 r  
    W5                                                0.000    10.000 r  clk (IN)
                         net (fo=0)                   0.000    10.000    clk
    W5                   IBUF (Prop_ibuf_I_O)         1.388    11.388 r  clk_IBUF_inst/O
                         net (fo=1, routed)           1.862    13.250    clk_IBUF
    BUFGCTRL_X0Y0        BUFG (Prop_bufg_I_O)         0.091    13.341 r  clk_IBUF_BUFG_inst/O
                         net (fo=1029, routed)        1.420    14.761    rf_inst/CLK
    SLICE_X33Y73         FDCE                                         r  rf_inst/register_bank_reg[18][29]/C
                         clock pessimism              0.187    14.948    
                         clock uncertainty           -0.035    14.912    
    SLICE_X33Y73         FDCE (Setup_fdce_C_D)       -0.067    14.845    rf_inst/register_bank_reg[18][29]
  -------------------------------------------------------------------
                         required time                         14.845    
                         arrival time                         -14.615    
  -------------------------------------------------------------------
                         slack                                  0.230    

Slack (MET) :             0.286ns  (required time - arrival time)
  Source:                 fsm_inst/saved_rs1_addr_reg[3]/C
                            (rising edge-triggered cell FDCE clocked by sys_clk  {rise@0.000ns fall@5.000ns period=10.000ns})
  Destination:            rf_inst/register_bank_reg[21][29]/D
                            (rising edge-triggered cell FDCE clocked by sys_clk  {rise@0.000ns fall@5.000ns period=10.000ns})
  Path Group:             sys_clk
  Path Type:              Setup (Max at Slow Process Corner)
  Requirement:            10.000ns  (sys_clk rise@10.000ns - sys_clk rise@0.000ns)
  Data Path Delay:        9.488ns  (logic 3.247ns (34.221%)  route 6.241ns (65.779%))
  Logic Levels:           12  (CARRY4=4 LUT2=1 LUT4=1 LUT5=2 LUT6=2 MUXF7=2)
  Clock Path Skew:        -0.123ns (DCD - SCD + CPR)
    Destination Clock Delay (DCD):    4.759ns = ( 14.759 - 10.000 ) 
    Source Clock Delay      (SCD):    5.069ns
    Clock Pessimism Removal (CPR):    0.187ns
  Clock Uncertainty:      0.035ns  ((TSJ^2 + TIJ^2)^1/2 + DJ) / 2 + PE
    Total System Jitter     (TSJ):    0.071ns
    Total Input Jitter      (TIJ):    0.000ns
    Discrete Jitter          (DJ):    0.000ns
    Phase Error              (PE):    0.000ns

    Location             Delay type                Incr(ns)  Path(ns)    Netlist Resource(s)
  -------------------------------------------------------------------    -------------------
                         (clock sys_clk rise edge)    0.000     0.000 r  
    W5                                                0.000     0.000 r  clk (IN)
                         net (fo=0)                   0.000     0.000    clk
    W5                   IBUF (Prop_ibuf_I_O)         1.458     1.458 r  clk_IBUF_inst/O
                         net (fo=1, routed)           1.967     3.425    clk_IBUF
    BUFGCTRL_X0Y0        BUFG (Prop_bufg_I_O)         0.096     3.521 r  clk_IBUF_BUFG_inst/O
                         net (fo=1029, routed)        1.548     5.069    fsm_inst/clk_IBUF_BUFG
    SLICE_X47Y65         FDCE                                         r  fsm_inst/saved_rs1_addr_reg[3]/C
  -------------------------------------------------------------------    -------------------
    SLICE_X47Y65         FDCE (Prop_fdce_C_Q)         0.456     5.525 r  fsm_inst/saved_rs1_addr_reg[3]/Q
                         net (fo=256, routed)         1.642     7.167    rf_inst/ALUout0_carry__6_i_49_0[3]
    SLICE_X48Y77         LUT5 (Prop_lut5_I2_O)        0.124     7.291 r  rf_inst/ALUout0_carry__3_i_59/O
                         net (fo=1, routed)           0.000     7.291    rf_inst/ALUout0_carry__3_i_59_n_0
    SLICE_X48Y77         MUXF7 (Prop_muxf7_I0_O)      0.212     7.503 r  rf_inst/ALUout0_carry__3_i_24/O
                         net (fo=1, routed)           0.857     8.359    rf_inst/ALUout0_carry__3_i_24_n_0
    SLICE_X49Y77         LUT6 (Prop_lut6_I5_O)        0.299     8.658 r  rf_inst/ALUout0_carry__3_i_4/O
                         net (fo=14, routed)          1.329     9.987    rf_inst/rf_read_data1[16]
    SLICE_X44Y69         LUT2 (Prop_lut2_I0_O)        0.124    10.111 r  rf_inst/register_bank[30][19]_i_17/O
                         net (fo=1, routed)           0.000    10.111    rf_inst/register_bank[30][19]_i_17_n_0
    SLICE_X44Y69         CARRY4 (Prop_carry4_S[0]_CO[3])
                                                      0.532    10.643 r  rf_inst/register_bank_reg[30][19]_i_11/CO[3]
                         net (fo=1, routed)           0.000    10.643    rf_inst/register_bank_reg[30][19]_i_11_n_0
    SLICE_X44Y70         CARRY4 (Prop_carry4_CI_CO[3])
                                                      0.114    10.757 r  rf_inst/register_bank_reg[30][23]_i_11/CO[3]
                         net (fo=1, routed)           0.000    10.757    rf_inst/register_bank_reg[30][23]_i_11_n_0
    SLICE_X44Y71         CARRY4 (Prop_carry4_CI_CO[3])
                                                      0.114    10.871 r  rf_inst/register_bank_reg[30][27]_i_11/CO[3]
                         net (fo=1, routed)           0.000    10.871    rf_inst/register_bank_reg[30][27]_i_11_n_0
    SLICE_X44Y72         CARRY4 (Prop_carry4_CI_O[1])
                                                      0.334    11.205 r  rf_inst/register_bank_reg[30][31]_i_17/O[1]
                         net (fo=1, routed)           0.592    11.797    rf_inst/data2[29]
    SLICE_X39Y73         LUT4 (Prop_lut4_I0_O)        0.303    12.100 r  rf_inst/register_bank[30][29]_i_7/O
                         net (fo=1, routed)           0.564    12.664    rf_inst/register_bank[30][29]_i_7_n_0
    SLICE_X37Y73         LUT5 (Prop_lut5_I4_O)        0.124    12.788 r  rf_inst/register_bank[30][29]_i_3/O
                         net (fo=1, routed)           0.000    12.788    fsm_inst/register_bank_reg[30][29]
    SLICE_X37Y73         MUXF7 (Prop_muxf7_I0_O)      0.212    13.000 r  fsm_inst/register_bank_reg[30][29]_i_2/O
                         net (fo=2, routed)           0.452    13.453    fsm_inst/alu_inst/ALUout__422[29]
    SLICE_X37Y73         LUT6 (Prop_lut6_I0_O)        0.299    13.752 r  fsm_inst/register_bank[30][29]_i_1/O
                         net (fo=31, routed)          0.806    14.557    rf_inst/D[29]
    SLICE_X32Y75         FDCE                                         r  rf_inst/register_bank_reg[21][29]/D
  -------------------------------------------------------------------    -------------------

                         (clock sys_clk rise edge)   10.000    10.000 r  
    W5                                                0.000    10.000 r  clk (IN)
                         net (fo=0)                   0.000    10.000    clk
    W5                   IBUF (Prop_ibuf_I_O)         1.388    11.388 r  clk_IBUF_inst/O
                         net (fo=1, routed)           1.862    13.250    clk_IBUF
    BUFGCTRL_X0Y0        BUFG (Prop_bufg_I_O)         0.091    13.341 r  clk_IBUF_BUFG_inst/O
                         net (fo=1029, routed)        1.418    14.759    rf_inst/CLK
    SLICE_X32Y75         FDCE                                         r  rf_inst/register_bank_reg[21][29]/C
                         clock pessimism              0.187    14.946    
                         clock uncertainty           -0.035    14.910    
    SLICE_X32Y75         FDCE (Setup_fdce_C_D)       -0.067    14.843    rf_inst/register_bank_reg[21][29]
  -------------------------------------------------------------------
                         required time                         14.843    
                         arrival time                         -14.557    
  -------------------------------------------------------------------
                         slack                                  0.286    

Slack (MET) :             0.292ns  (required time - arrival time)
  Source:                 fsm_inst/saved_rs1_addr_reg[3]/C
                            (rising edge-triggered cell FDCE clocked by sys_clk  {rise@0.000ns fall@5.000ns period=10.000ns})
  Destination:            rf_inst/register_bank_reg[13][29]/D
                            (rising edge-triggered cell FDCE clocked by sys_clk  {rise@0.000ns fall@5.000ns period=10.000ns})
  Path Group:             sys_clk
  Path Type:              Setup (Max at Slow Process Corner)
  Requirement:            10.000ns  (sys_clk rise@10.000ns - sys_clk rise@0.000ns)
  Data Path Delay:        9.518ns  (logic 3.247ns (34.116%)  route 6.271ns (65.884%))
  Logic Levels:           12  (CARRY4=4 LUT2=1 LUT4=1 LUT5=2 LUT6=2 MUXF7=2)
  Clock Path Skew:        -0.124ns (DCD - SCD + CPR)
    Destination Clock Delay (DCD):    4.758ns = ( 14.758 - 10.000 ) 
    Source Clock Delay      (SCD):    5.069ns
    Clock Pessimism Removal (CPR):    0.187ns
  Clock Uncertainty:      0.035ns  ((TSJ^2 + TIJ^2)^1/2 + DJ) / 2 + PE
    Total System Jitter     (TSJ):    0.071ns
    Total Input Jitter      (TIJ):    0.000ns
    Discrete Jitter          (DJ):    0.000ns
    Phase Error              (PE):    0.000ns

    Location             Delay type                Incr(ns)  Path(ns)    Netlist Resource(s)
  -------------------------------------------------------------------    -------------------
                         (clock sys_clk rise edge)    0.000     0.000 r  
    W5                                                0.000     0.000 r  clk (IN)
                         net (fo=0)                   0.000     0.000    clk
    W5                   IBUF (Prop_ibuf_I_O)         1.458     1.458 r  clk_IBUF_inst/O
                         net (fo=1, routed)           1.967     3.425    clk_IBUF
    BUFGCTRL_X0Y0        BUFG (Prop_bufg_I_O)         0.096     3.521 r  clk_IBUF_BUFG_inst/O
                         net (fo=1029, routed)        1.548     5.069    fsm_inst/clk_IBUF_BUFG
    SLICE_X47Y65         FDCE                                         r  fsm_inst/saved_rs1_addr_reg[3]/C
  -------------------------------------------------------------------    -------------------
    SLICE_X47Y65         FDCE (Prop_fdce_C_Q)         0.456     5.525 r  fsm_inst/saved_rs1_addr_reg[3]/Q
                         net (fo=256, routed)         1.642     7.167    rf_inst/ALUout0_carry__6_i_49_0[3]
    SLICE_X48Y77         LUT5 (Prop_lut5_I2_O)        0.124     7.291 r  rf_inst/ALUout0_carry__3_i_59/O
                         net (fo=1, routed)           0.000     7.291    rf_inst/ALUout0_carry__3_i_59_n_0
    SLICE_X48Y77         MUXF7 (Prop_muxf7_I0_O)      0.212     7.503 r  rf_inst/ALUout0_carry__3_i_24/O
                         net (fo=1, routed)           0.857     8.359    rf_inst/ALUout0_carry__3_i_24_n_0
    SLICE_X49Y77         LUT6 (Prop_lut6_I5_O)        0.299     8.658 r  rf_inst/ALUout0_carry__3_i_4/O
                         net (fo=14, routed)          1.329     9.987    rf_inst/rf_read_data1[16]
    SLICE_X44Y69         LUT2 (Prop_lut2_I0_O)        0.124    10.111 r  rf_inst/register_bank[30][19]_i_17/O
                         net (fo=1, routed)           0.000    10.111    rf_inst/register_bank[30][19]_i_17_n_0
    SLICE_X44Y69         CARRY4 (Prop_carry4_S[0]_CO[3])
                                                      0.532    10.643 r  rf_inst/register_bank_reg[30][19]_i_11/CO[3]
                         net (fo=1, routed)           0.000    10.643    rf_inst/register_bank_reg[30][19]_i_11_n_0
    SLICE_X44Y70         CARRY4 (Prop_carry4_CI_CO[3])
                                                      0.114    10.757 r  rf_inst/register_bank_reg[30][23]_i_11/CO[3]
                         net (fo=1, routed)           0.000    10.757    rf_inst/register_bank_reg[30][23]_i_11_n_0
    SLICE_X44Y71         CARRY4 (Prop_carry4_CI_CO[3])
                                                      0.114    10.871 r  rf_inst/register_bank_reg[30][27]_i_11/CO[3]
                         net (fo=1, routed)           0.000    10.871    rf_inst/register_bank_reg[30][27]_i_11_n_0
    SLICE_X44Y72         CARRY4 (Prop_carry4_CI_O[1])
                                                      0.334    11.205 r  rf_inst/register_bank_reg[30][31]_i_17/O[1]
                         net (fo=1, routed)           0.592    11.797    rf_inst/data2[29]
    SLICE_X39Y73         LUT4 (Prop_lut4_I0_O)        0.303    12.100 r  rf_inst/register_bank[30][29]_i_7/O
                         net (fo=1, routed)           0.564    12.664    rf_inst/register_bank[30][29]_i_7_n_0
    SLICE_X37Y73         LUT5 (Prop_lut5_I4_O)        0.124    12.788 r  rf_inst/register_bank[30][29]_i_3/O
                         net (fo=1, routed)           0.000    12.788    fsm_inst/register_bank_reg[30][29]
    SLICE_X37Y73         MUXF7 (Prop_muxf7_I0_O)      0.212    13.000 r  fsm_inst/register_bank_reg[30][29]_i_2/O
                         net (fo=2, routed)           0.452    13.453    fsm_inst/alu_inst/ALUout__422[29]
    SLICE_X37Y73         LUT6 (Prop_lut6_I0_O)        0.299    13.752 r  fsm_inst/register_bank[30][29]_i_1/O
                         net (fo=31, routed)          0.835    14.586    rf_inst/D[29]
    SLICE_X34Y75         FDCE                                         r  rf_inst/register_bank_reg[13][29]/D
  -------------------------------------------------------------------    -------------------

                         (clock sys_clk rise edge)   10.000    10.000 r  
    W5                                                0.000    10.000 r  clk (IN)
                         net (fo=0)                   0.000    10.000    clk
    W5                   IBUF (Prop_ibuf_I_O)         1.388    11.388 r  clk_IBUF_inst/O
                         net (fo=1, routed)           1.862    13.250    clk_IBUF
    BUFGCTRL_X0Y0        BUFG (Prop_bufg_I_O)         0.091    13.341 r  clk_IBUF_BUFG_inst/O
                         net (fo=1029, routed)        1.417    14.758    rf_inst/CLK
    SLICE_X34Y75         FDCE                                         r  rf_inst/register_bank_reg[13][29]/C
                         clock pessimism              0.187    14.945    
                         clock uncertainty           -0.035    14.909    
    SLICE_X34Y75         FDCE (Setup_fdce_C_D)       -0.031    14.878    rf_inst/register_bank_reg[13][29]
  -------------------------------------------------------------------
                         required time                         14.878    
                         arrival time                         -14.586    
  -------------------------------------------------------------------
                         slack                                  0.292    

Slack (MET) :             0.302ns  (required time - arrival time)
  Source:                 fsm_inst/saved_rs1_addr_reg[3]/C
                            (rising edge-triggered cell FDCE clocked by sys_clk  {rise@0.000ns fall@5.000ns period=10.000ns})
  Destination:            rf_inst/register_bank_reg[9][18]/D
                            (rising edge-triggered cell FDCE clocked by sys_clk  {rise@0.000ns fall@5.000ns period=10.000ns})
  Path Group:             sys_clk
  Path Type:              Setup (Max at Slow Process Corner)
  Requirement:            10.000ns  (sys_clk rise@10.000ns - sys_clk rise@0.000ns)
  Data Path Delay:        9.555ns  (logic 2.098ns (21.956%)  route 7.457ns (78.044%))
  Logic Levels:           9  (LUT5=2 LUT6=5 MUXF7=2)
  Clock Path Skew:        -0.049ns (DCD - SCD + CPR)
    Destination Clock Delay (DCD):    4.762ns = ( 14.762 - 10.000 ) 
    Source Clock Delay      (SCD):    5.069ns
    Clock Pessimism Removal (CPR):    0.258ns
  Clock Uncertainty:      0.035ns  ((TSJ^2 + TIJ^2)^1/2 + DJ) / 2 + PE
    Total System Jitter     (TSJ):    0.071ns
    Total Input Jitter      (TIJ):    0.000ns
    Discrete Jitter          (DJ):    0.000ns
    Phase Error              (PE):    0.000ns

    Location             Delay type                Incr(ns)  Path(ns)    Netlist Resource(s)
  -------------------------------------------------------------------    -------------------
                         (clock sys_clk rise edge)    0.000     0.000 r  
    W5                                                0.000     0.000 r  clk (IN)
                         net (fo=0)                   0.000     0.000    clk
    W5                   IBUF (Prop_ibuf_I_O)         1.458     1.458 r  clk_IBUF_inst/O
                         net (fo=1, routed)           1.967     3.425    clk_IBUF
    BUFGCTRL_X0Y0        BUFG (Prop_bufg_I_O)         0.096     3.521 r  clk_IBUF_BUFG_inst/O
                         net (fo=1029, routed)        1.548     5.069    fsm_inst/clk_IBUF_BUFG
    SLICE_X47Y65         FDCE                                         r  fsm_inst/saved_rs1_addr_reg[3]/C
  -------------------------------------------------------------------    -------------------
    SLICE_X47Y65         FDCE (Prop_fdce_C_Q)         0.456     5.525 r  fsm_inst/saved_rs1_addr_reg[3]/Q
                         net (fo=256, routed)         1.861     7.386    rf_inst/ALUout0_carry__6_i_49_0[3]
    SLICE_X52Y76         LUT6 (Prop_lut6_I2_O)        0.124     7.510 r  rf_inst/ALUout0_carry__5_i_60/O
                         net (fo=1, routed)           0.000     7.510    rf_inst/ALUout0_carry__5_i_60_n_0
    SLICE_X52Y76         MUXF7 (Prop_muxf7_I1_O)      0.214     7.724 r  rf_inst/ALUout0_carry__5_i_24/O
                         net (fo=1, routed)           0.709     8.434    rf_inst/ALUout0_carry__5_i_24_n_0
    SLICE_X52Y76         LUT6 (Prop_lut6_I5_O)        0.297     8.731 r  rf_inst/ALUout0_carry__5_i_4/O
                         net (fo=15, routed)          1.306    10.037    rf_inst/rf_read_data1[24]
    SLICE_X39Y70         LUT6 (Prop_lut6_I0_O)        0.124    10.161 r  rf_inst/register_bank[30][20]_i_11/O
                         net (fo=2, routed)           0.969    11.129    rf_inst/register_bank[30][20]_i_11_n_0
    SLICE_X46Y70         LUT5 (Prop_lut5_I0_O)        0.124    11.253 r  rf_inst/register_bank[30][18]_i_9/O
                         net (fo=2, routed)           0.626    11.879    rf_inst/register_bank[30][18]_i_9_n_0
    SLICE_X45Y71         LUT6 (Prop_lut6_I0_O)        0.124    12.003 r  rf_inst/register_bank[30][18]_i_5/O
                         net (fo=1, routed)           0.573    12.576    rf_inst/register_bank[30][18]_i_5_n_0
    SLICE_X45Y71         LUT5 (Prop_lut5_I0_O)        0.124    12.700 r  rf_inst/register_bank[30][18]_i_3/O
                         net (fo=1, routed)           0.000    12.700    fsm_inst/register_bank_reg[30][18]
    SLICE_X45Y71         MUXF7 (Prop_muxf7_I0_O)      0.212    12.912 r  fsm_inst/register_bank_reg[30][18]_i_2/O
                         net (fo=2, routed)           0.305    13.217    fsm_inst/alu_inst/ALUout__422[18]
    SLICE_X45Y72         LUT6 (Prop_lut6_I0_O)        0.299    13.516 r  fsm_inst/register_bank[30][18]_i_1/O
                         net (fo=31, routed)          1.108    14.624    rf_inst/D[18]
    SLICE_X47Y75         FDCE                                         r  rf_inst/register_bank_reg[9][18]/D
  -------------------------------------------------------------------    -------------------

                         (clock sys_clk rise edge)   10.000    10.000 r  
    W5                                                0.000    10.000 r  clk (IN)
                         net (fo=0)                   0.000    10.000    clk
    W5                   IBUF (Prop_ibuf_I_O)         1.388    11.388 r  clk_IBUF_inst/O
                         net (fo=1, routed)           1.862    13.250    clk_IBUF
    BUFGCTRL_X0Y0        BUFG (Prop_bufg_I_O)         0.091    13.341 r  clk_IBUF_BUFG_inst/O
                         net (fo=1029, routed)        1.421    14.762    rf_inst/CLK
    SLICE_X47Y75         FDCE                                         r  rf_inst/register_bank_reg[9][18]/C
                         clock pessimism              0.258    15.020    
                         clock uncertainty           -0.035    14.985    
    SLICE_X47Y75         FDCE (Setup_fdce_C_D)       -0.058    14.927    rf_inst/register_bank_reg[9][18]
  -------------------------------------------------------------------
                         required time                         14.927    
                         arrival time                         -14.624    
  -------------------------------------------------------------------
                         slack                                  0.302    

Slack (MET) :             0.302ns  (required time - arrival time)
  Source:                 fsm_inst/saved_rs1_addr_reg[3]/C
                            (rising edge-triggered cell FDCE clocked by sys_clk  {rise@0.000ns fall@5.000ns period=10.000ns})
  Destination:            rf_inst/register_bank_reg[30][18]/D
                            (rising edge-triggered cell FDCE clocked by sys_clk  {rise@0.000ns fall@5.000ns period=10.000ns})
  Path Group:             sys_clk
  Path Type:              Setup (Max at Slow Process Corner)
  Requirement:            10.000ns  (sys_clk rise@10.000ns - sys_clk rise@0.000ns)
  Data Path Delay:        9.601ns  (logic 2.098ns (21.851%)  route 7.503ns (78.148%))
  Logic Levels:           9  (LUT5=2 LUT6=5 MUXF7=2)
  Clock Path Skew:        -0.033ns (DCD - SCD + CPR)
    Destination Clock Delay (DCD):    4.764ns = ( 14.764 - 10.000 ) 
    Source Clock Delay      (SCD):    5.069ns
    Clock Pessimism Removal (CPR):    0.272ns
  Clock Uncertainty:      0.035ns  ((TSJ^2 + TIJ^2)^1/2 + DJ) / 2 + PE
    Total System Jitter     (TSJ):    0.071ns
    Total Input Jitter      (TIJ):    0.000ns
    Discrete Jitter          (DJ):    0.000ns
    Phase Error              (PE):    0.000ns

    Location             Delay type                Incr(ns)  Path(ns)    Netlist Resource(s)
  -------------------------------------------------------------------    -------------------
                         (clock sys_clk rise edge)    0.000     0.000 r  
    W5                                                0.000     0.000 r  clk (IN)
                         net (fo=0)                   0.000     0.000    clk
    W5                   IBUF (Prop_ibuf_I_O)         1.458     1.458 r  clk_IBUF_inst/O
                         net (fo=1, routed)           1.967     3.425    clk_IBUF
    BUFGCTRL_X0Y0        BUFG (Prop_bufg_I_O)         0.096     3.521 r  clk_IBUF_BUFG_inst/O
                         net (fo=1029, routed)        1.548     5.069    fsm_inst/clk_IBUF_BUFG
    SLICE_X47Y65         FDCE                                         r  fsm_inst/saved_rs1_addr_reg[3]/C
  -------------------------------------------------------------------    -------------------
    SLICE_X47Y65         FDCE (Prop_fdce_C_Q)         0.456     5.525 r  fsm_inst/saved_rs1_addr_reg[3]/Q
                         net (fo=256, routed)         1.861     7.386    rf_inst/ALUout0_carry__6_i_49_0[3]
    SLICE_X52Y76         LUT6 (Prop_lut6_I2_O)        0.124     7.510 r  rf_inst/ALUout0_carry__5_i_60/O
                         net (fo=1, routed)           0.000     7.510    rf_inst/ALUout0_carry__5_i_60_n_0
    SLICE_X52Y76         MUXF7 (Prop_muxf7_I1_O)      0.214     7.724 r  rf_inst/ALUout0_carry__5_i_24/O
                         net (fo=1, routed)           0.709     8.434    rf_inst/ALUout0_carry__5_i_24_n_0
    SLICE_X52Y76         LUT6 (Prop_lut6_I5_O)        0.297     8.731 r  rf_inst/ALUout0_carry__5_i_4/O
                         net (fo=15, routed)          1.306    10.037    rf_inst/rf_read_data1[24]
    SLICE_X39Y70         LUT6 (Prop_lut6_I0_O)        0.124    10.161 r  rf_inst/register_bank[30][20]_i_11/O
                         net (fo=2, routed)           0.969    11.129    rf_inst/register_bank[30][20]_i_11_n_0
    SLICE_X46Y70         LUT5 (Prop_lut5_I0_O)        0.124    11.253 r  rf_inst/register_bank[30][18]_i_9/O
                         net (fo=2, routed)           0.626    11.879    rf_inst/register_bank[30][18]_i_9_n_0
    SLICE_X45Y71         LUT6 (Prop_lut6_I0_O)        0.124    12.003 r  rf_inst/register_bank[30][18]_i_5/O
                         net (fo=1, routed)           0.573    12.576    rf_inst/register_bank[30][18]_i_5_n_0
    SLICE_X45Y71         LUT5 (Prop_lut5_I0_O)        0.124    12.700 r  rf_inst/register_bank[30][18]_i_3/O
                         net (fo=1, routed)           0.000    12.700    fsm_inst/register_bank_reg[30][18]
    SLICE_X45Y71         MUXF7 (Prop_muxf7_I0_O)      0.212    12.912 r  fsm_inst/register_bank_reg[30][18]_i_2/O
                         net (fo=2, routed)           0.305    13.217    fsm_inst/alu_inst/ALUout__422[18]
    SLICE_X45Y72         LUT6 (Prop_lut6_I0_O)        0.299    13.516 r  fsm_inst/register_bank[30][18]_i_1/O
                         net (fo=31, routed)          1.154    14.670    rf_inst/D[18]
    SLICE_X46Y73         FDCE                                         r  rf_inst/register_bank_reg[30][18]/D
  -------------------------------------------------------------------    -------------------

                         (clock sys_clk rise edge)   10.000    10.000 r  
    W5                                                0.000    10.000 r  clk (IN)
                         net (fo=0)                   0.000    10.000    clk
    W5                   IBUF (Prop_ibuf_I_O)         1.388    11.388 r  clk_IBUF_inst/O
                         net (fo=1, routed)           1.862    13.250    clk_IBUF
    BUFGCTRL_X0Y0        BUFG (Prop_bufg_I_O)         0.091    13.341 r  clk_IBUF_BUFG_inst/O
                         net (fo=1029, routed)        1.423    14.764    rf_inst/CLK
    SLICE_X46Y73         FDCE                                         r  rf_inst/register_bank_reg[30][18]/C
                         clock pessimism              0.272    15.036    
                         clock uncertainty           -0.035    15.001    
    SLICE_X46Y73         FDCE (Setup_fdce_C_D)       -0.028    14.973    rf_inst/register_bank_reg[30][18]
  -------------------------------------------------------------------
                         required time                         14.973    
                         arrival time                         -14.670    
  -------------------------------------------------------------------
                         slack                                  0.302    

Slack (MET) :             0.310ns  (required time - arrival time)
  Source:                 fsm_inst/saved_rs1_addr_reg[3]/C
                            (rising edge-triggered cell FDCE clocked by sys_clk  {rise@0.000ns fall@5.000ns period=10.000ns})
  Destination:            rf_inst/register_bank_reg[11][29]/D
                            (rising edge-triggered cell FDCE clocked by sys_clk  {rise@0.000ns fall@5.000ns period=10.000ns})
  Path Group:             sys_clk
  Path Type:              Setup (Max at Slow Process Corner)
  Requirement:            10.000ns  (sys_clk rise@10.000ns - sys_clk rise@0.000ns)
  Data Path Delay:        9.467ns  (logic 3.247ns (34.297%)  route 6.220ns (65.703%))
  Logic Levels:           12  (CARRY4=4 LUT2=1 LUT4=1 LUT5=2 LUT6=2 MUXF7=2)
  Clock Path Skew:        -0.120ns (DCD - SCD + CPR)
    Destination Clock Delay (DCD):    4.762ns = ( 14.762 - 10.000 ) 
    Source Clock Delay      (SCD):    5.069ns
    Clock Pessimism Removal (CPR):    0.187ns
  Clock Uncertainty:      0.035ns  ((TSJ^2 + TIJ^2)^1/2 + DJ) / 2 + PE
    Total System Jitter     (TSJ):    0.071ns
    Total Input Jitter      (TIJ):    0.000ns
    Discrete Jitter          (DJ):    0.000ns
    Phase Error              (PE):    0.000ns

    Location             Delay type                Incr(ns)  Path(ns)    Netlist Resource(s)
  -------------------------------------------------------------------    -------------------
                         (clock sys_clk rise edge)    0.000     0.000 r  
    W5                                                0.000     0.000 r  clk (IN)
                         net (fo=0)                   0.000     0.000    clk
    W5                   IBUF (Prop_ibuf_I_O)         1.458     1.458 r  clk_IBUF_inst/O
                         net (fo=1, routed)           1.967     3.425    clk_IBUF
    BUFGCTRL_X0Y0        BUFG (Prop_bufg_I_O)         0.096     3.521 r  clk_IBUF_BUFG_inst/O
                         net (fo=1029, routed)        1.548     5.069    fsm_inst/clk_IBUF_BUFG
    SLICE_X47Y65         FDCE                                         r  fsm_inst/saved_rs1_addr_reg[3]/C
  -------------------------------------------------------------------    -------------------
    SLICE_X47Y65         FDCE (Prop_fdce_C_Q)         0.456     5.525 r  fsm_inst/saved_rs1_addr_reg[3]/Q
                         net (fo=256, routed)         1.642     7.167    rf_inst/ALUout0_carry__6_i_49_0[3]
    SLICE_X48Y77         LUT5 (Prop_lut5_I2_O)        0.124     7.291 r  rf_inst/ALUout0_carry__3_i_59/O
                         net (fo=1, routed)           0.000     7.291    rf_inst/ALUout0_carry__3_i_59_n_0
    SLICE_X48Y77         MUXF7 (Prop_muxf7_I0_O)      0.212     7.503 r  rf_inst/ALUout0_carry__3_i_24/O
                         net (fo=1, routed)           0.857     8.359    rf_inst/ALUout0_carry__3_i_24_n_0
    SLICE_X49Y77         LUT6 (Prop_lut6_I5_O)        0.299     8.658 r  rf_inst/ALUout0_carry__3_i_4/O
                         net (fo=14, routed)          1.329     9.987    rf_inst/rf_read_data1[16]
    SLICE_X44Y69         LUT2 (Prop_lut2_I0_O)        0.124    10.111 r  rf_inst/register_bank[30][19]_i_17/O
                         net (fo=1, routed)           0.000    10.111    rf_inst/register_bank[30][19]_i_17_n_0
    SLICE_X44Y69         CARRY4 (Prop_carry4_S[0]_CO[3])
                                                      0.532    10.643 r  rf_inst/register_bank_reg[30][19]_i_11/CO[3]
                         net (fo=1, routed)           0.000    10.643    rf_inst/register_bank_reg[30][19]_i_11_n_0
    SLICE_X44Y70         CARRY4 (Prop_carry4_CI_CO[3])
                                                      0.114    10.757 r  rf_inst/register_bank_reg[30][23]_i_11/CO[3]
                         net (fo=1, routed)           0.000    10.757    rf_inst/register_bank_reg[30][23]_i_11_n_0
    SLICE_X44Y71         CARRY4 (Prop_carry4_CI_CO[3])
                                                      0.114    10.871 r  rf_inst/register_bank_reg[30][27]_i_11/CO[3]
                         net (fo=1, routed)           0.000    10.871    rf_inst/register_bank_reg[30][27]_i_11_n_0
    SLICE_X44Y72         CARRY4 (Prop_carry4_CI_O[1])
                                                      0.334    11.205 r  rf_inst/register_bank_reg[30][31]_i_17/O[1]
                         net (fo=1, routed)           0.592    11.797    rf_inst/data2[29]
    SLICE_X39Y73         LUT4 (Prop_lut4_I0_O)        0.303    12.100 r  rf_inst/register_bank[30][29]_i_7/O
                         net (fo=1, routed)           0.564    12.664    rf_inst/register_bank[30][29]_i_7_n_0
    SLICE_X37Y73         LUT5 (Prop_lut5_I4_O)        0.124    12.788 r  rf_inst/register_bank[30][29]_i_3/O
                         net (fo=1, routed)           0.000    12.788    fsm_inst/register_bank_reg[30][29]
    SLICE_X37Y73         MUXF7 (Prop_muxf7_I0_O)      0.212    13.000 r  fsm_inst/register_bank_reg[30][29]_i_2/O
                         net (fo=2, routed)           0.452    13.453    fsm_inst/alu_inst/ALUout__422[29]
    SLICE_X37Y73         LUT6 (Prop_lut6_I0_O)        0.299    13.752 r  fsm_inst/register_bank[30][29]_i_1/O
                         net (fo=31, routed)          0.785    14.536    rf_inst/D[29]
    SLICE_X33Y72         FDCE                                         r  rf_inst/register_bank_reg[11][29]/D
  -------------------------------------------------------------------    -------------------

                         (clock sys_clk rise edge)   10.000    10.000 r  
    W5                                                0.000    10.000 r  clk (IN)
                         net (fo=0)                   0.000    10.000    clk
    W5                   IBUF (Prop_ibuf_I_O)         1.388    11.388 r  clk_IBUF_inst/O
                         net (fo=1, routed)           1.862    13.250    clk_IBUF
    BUFGCTRL_X0Y0        BUFG (Prop_bufg_I_O)         0.091    13.341 r  clk_IBUF_BUFG_inst/O
                         net (fo=1029, routed)        1.421    14.762    rf_inst/CLK
    SLICE_X33Y72         FDCE                                         r  rf_inst/register_bank_reg[11][29]/C
                         clock pessimism              0.187    14.949    
                         clock uncertainty           -0.035    14.913    
    SLICE_X33Y72         FDCE (Setup_fdce_C_D)       -0.067    14.846    rf_inst/register_bank_reg[11][29]
  -------------------------------------------------------------------
                         required time                         14.846    
                         arrival time                         -14.536    
  -------------------------------------------------------------------
                         slack                                  0.310    

Slack (MET) :             0.311ns  (required time - arrival time)
  Source:                 fsm_inst/saved_rs1_addr_reg[3]/C
                            (rising edge-triggered cell FDCE clocked by sys_clk  {rise@0.000ns fall@5.000ns period=10.000ns})
  Destination:            rf_inst/register_bank_reg[7][18]/D
                            (rising edge-triggered cell FDCE clocked by sys_clk  {rise@0.000ns fall@5.000ns period=10.000ns})
  Path Group:             sys_clk
  Path Type:              Setup (Max at Slow Process Corner)
  Requirement:            10.000ns  (sys_clk rise@10.000ns - sys_clk rise@0.000ns)
  Data Path Delay:        9.552ns  (logic 2.098ns (21.963%)  route 7.454ns (78.037%))
  Logic Levels:           9  (LUT5=2 LUT6=5 MUXF7=2)
  Clock Path Skew:        -0.040ns (DCD - SCD + CPR)
    Destination Clock Delay (DCD):    4.771ns = ( 14.771 - 10.000 ) 
    Source Clock Delay      (SCD):    5.069ns
    Clock Pessimism Removal (CPR):    0.258ns
  Clock Uncertainty:      0.035ns  ((TSJ^2 + TIJ^2)^1/2 + DJ) / 2 + PE
    Total System Jitter     (TSJ):    0.071ns
    Total Input Jitter      (TIJ):    0.000ns
    Discrete Jitter          (DJ):    0.000ns
    Phase Error              (PE):    0.000ns

    Location             Delay type                Incr(ns)  Path(ns)    Netlist Resource(s)
  -------------------------------------------------------------------    -------------------
                         (clock sys_clk rise edge)    0.000     0.000 r  
    W5                                                0.000     0.000 r  clk (IN)
                         net (fo=0)                   0.000     0.000    clk
    W5                   IBUF (Prop_ibuf_I_O)         1.458     1.458 r  clk_IBUF_inst/O
                         net (fo=1, routed)           1.967     3.425    clk_IBUF
    BUFGCTRL_X0Y0        BUFG (Prop_bufg_I_O)         0.096     3.521 r  clk_IBUF_BUFG_inst/O
                         net (fo=1029, routed)        1.548     5.069    fsm_inst/clk_IBUF_BUFG
    SLICE_X47Y65         FDCE                                         r  fsm_inst/saved_rs1_addr_reg[3]/C
  -------------------------------------------------------------------    -------------------
    SLICE_X47Y65         FDCE (Prop_fdce_C_Q)         0.456     5.525 r  fsm_inst/saved_rs1_addr_reg[3]/Q
                         net (fo=256, routed)         1.861     7.386    rf_inst/ALUout0_carry__6_i_49_0[3]
    SLICE_X52Y76         LUT6 (Prop_lut6_I2_O)        0.124     7.510 r  rf_inst/ALUout0_carry__5_i_60/O
                         net (fo=1, routed)           0.000     7.510    rf_inst/ALUout0_carry__5_i_60_n_0
    SLICE_X52Y76         MUXF7 (Prop_muxf7_I1_O)      0.214     7.724 r  rf_inst/ALUout0_carry__5_i_24/O
                         net (fo=1, routed)           0.709     8.434    rf_inst/ALUout0_carry__5_i_24_n_0
    SLICE_X52Y76         LUT6 (Prop_lut6_I5_O)        0.297     8.731 r  rf_inst/ALUout0_carry__5_i_4/O
                         net (fo=15, routed)          1.306    10.037    rf_inst/rf_read_data1[24]
    SLICE_X39Y70         LUT6 (Prop_lut6_I0_O)        0.124    10.161 r  rf_inst/register_bank[30][20]_i_11/O
                         net (fo=2, routed)           0.969    11.129    rf_inst/register_bank[30][20]_i_11_n_0
    SLICE_X46Y70         LUT5 (Prop_lut5_I0_O)        0.124    11.253 r  rf_inst/register_bank[30][18]_i_9/O
                         net (fo=2, routed)           0.626    11.879    rf_inst/register_bank[30][18]_i_9_n_0
    SLICE_X45Y71         LUT6 (Prop_lut6_I0_O)        0.124    12.003 r  rf_inst/register_bank[30][18]_i_5/O
                         net (fo=1, routed)           0.573    12.576    rf_inst/register_bank[30][18]_i_5_n_0
    SLICE_X45Y71         LUT5 (Prop_lut5_I0_O)        0.124    12.700 r  rf_inst/register_bank[30][18]_i_3/O
                         net (fo=1, routed)           0.000    12.700    fsm_inst/register_bank_reg[30][18]
    SLICE_X45Y71         MUXF7 (Prop_muxf7_I0_O)      0.212    12.912 r  fsm_inst/register_bank_reg[30][18]_i_2/O
                         net (fo=2, routed)           0.305    13.217    fsm_inst/alu_inst/ALUout__422[18]
    SLICE_X45Y72         LUT6 (Prop_lut6_I0_O)        0.299    13.516 r  fsm_inst/register_bank[30][18]_i_1/O
                         net (fo=31, routed)          1.105    14.621    rf_inst/D[18]
    SLICE_X51Y71         FDCE                                         r  rf_inst/register_bank_reg[7][18]/D
  -------------------------------------------------------------------    -------------------

                         (clock sys_clk rise edge)   10.000    10.000 r  
    W5                                                0.000    10.000 r  clk (IN)
                         net (fo=0)                   0.000    10.000    clk
    W5                   IBUF (Prop_ibuf_I_O)         1.388    11.388 r  clk_IBUF_inst/O
                         net (fo=1, routed)           1.862    13.250    clk_IBUF
    BUFGCTRL_X0Y0        BUFG (Prop_bufg_I_O)         0.091    13.341 r  clk_IBUF_BUFG_inst/O
                         net (fo=1029, routed)        1.430    14.771    rf_inst/CLK
    SLICE_X51Y71         FDCE                                         r  rf_inst/register_bank_reg[7][18]/C
                         clock pessimism              0.258    15.029    
                         clock uncertainty           -0.035    14.994    
    SLICE_X51Y71         FDCE (Setup_fdce_C_D)       -0.061    14.933    rf_inst/register_bank_reg[7][18]
  -------------------------------------------------------------------
                         required time                         14.933    
                         arrival time                         -14.621    
  -------------------------------------------------------------------
                         slack                                  0.311    

Slack (MET) :             0.313ns  (required time - arrival time)
  Source:                 fsm_inst/saved_rs1_addr_reg[3]/C
                            (rising edge-triggered cell FDCE clocked by sys_clk  {rise@0.000ns fall@5.000ns period=10.000ns})
  Destination:            rf_inst/register_bank_reg[7][29]/D
                            (rising edge-triggered cell FDCE clocked by sys_clk  {rise@0.000ns fall@5.000ns period=10.000ns})
  Path Group:             sys_clk
  Path Type:              Setup (Max at Slow Process Corner)
  Requirement:            10.000ns  (sys_clk rise@10.000ns - sys_clk rise@0.000ns)
  Data Path Delay:        9.449ns  (logic 3.247ns (34.362%)  route 6.202ns (65.638%))
  Logic Levels:           12  (CARRY4=4 LUT2=1 LUT4=1 LUT5=2 LUT6=2 MUXF7=2)
  Clock Path Skew:        -0.121ns (DCD - SCD + CPR)
    Destination Clock Delay (DCD):    4.761ns = ( 14.761 - 10.000 ) 
    Source Clock Delay      (SCD):    5.069ns
    Clock Pessimism Removal (CPR):    0.187ns
  Clock Uncertainty:      0.035ns  ((TSJ^2 + TIJ^2)^1/2 + DJ) / 2 + PE
    Total System Jitter     (TSJ):    0.071ns
    Total Input Jitter      (TIJ):    0.000ns
    Discrete Jitter          (DJ):    0.000ns
    Phase Error              (PE):    0.000ns

    Location             Delay type                Incr(ns)  Path(ns)    Netlist Resource(s)
  -------------------------------------------------------------------    -------------------
                         (clock sys_clk rise edge)    0.000     0.000 r  
    W5                                                0.000     0.000 r  clk (IN)
                         net (fo=0)                   0.000     0.000    clk
    W5                   IBUF (Prop_ibuf_I_O)         1.458     1.458 r  clk_IBUF_inst/O
                         net (fo=1, routed)           1.967     3.425    clk_IBUF
    BUFGCTRL_X0Y0        BUFG (Prop_bufg_I_O)         0.096     3.521 r  clk_IBUF_BUFG_inst/O
                         net (fo=1029, routed)        1.548     5.069    fsm_inst/clk_IBUF_BUFG
    SLICE_X47Y65         FDCE                                         r  fsm_inst/saved_rs1_addr_reg[3]/C
  -------------------------------------------------------------------    -------------------
    SLICE_X47Y65         FDCE (Prop_fdce_C_Q)         0.456     5.525 r  fsm_inst/saved_rs1_addr_reg[3]/Q
                         net (fo=256, routed)         1.642     7.167    rf_inst/ALUout0_carry__6_i_49_0[3]
    SLICE_X48Y77         LUT5 (Prop_lut5_I2_O)        0.124     7.291 r  rf_inst/ALUout0_carry__3_i_59/O
                         net (fo=1, routed)           0.000     7.291    rf_inst/ALUout0_carry__3_i_59_n_0
    SLICE_X48Y77         MUXF7 (Prop_muxf7_I0_O)      0.212     7.503 r  rf_inst/ALUout0_carry__3_i_24/O
                         net (fo=1, routed)           0.857     8.359    rf_inst/ALUout0_carry__3_i_24_n_0
    SLICE_X49Y77         LUT6 (Prop_lut6_I5_O)        0.299     8.658 r  rf_inst/ALUout0_carry__3_i_4/O
                         net (fo=14, routed)          1.329     9.987    rf_inst/rf_read_data1[16]
    SLICE_X44Y69         LUT2 (Prop_lut2_I0_O)        0.124    10.111 r  rf_inst/register_bank[30][19]_i_17/O
                         net (fo=1, routed)           0.000    10.111    rf_inst/register_bank[30][19]_i_17_n_0
    SLICE_X44Y69         CARRY4 (Prop_carry4_S[0]_CO[3])
                                                      0.532    10.643 r  rf_inst/register_bank_reg[30][19]_i_11/CO[3]
                         net (fo=1, routed)           0.000    10.643    rf_inst/register_bank_reg[30][19]_i_11_n_0
    SLICE_X44Y70         CARRY4 (Prop_carry4_CI_CO[3])
                                                      0.114    10.757 r  rf_inst/register_bank_reg[30][23]_i_11/CO[3]
                         net (fo=1, routed)           0.000    10.757    rf_inst/register_bank_reg[30][23]_i_11_n_0
    SLICE_X44Y71         CARRY4 (Prop_carry4_CI_CO[3])
                                                      0.114    10.871 r  rf_inst/register_bank_reg[30][27]_i_11/CO[3]
                         net (fo=1, routed)           0.000    10.871    rf_inst/register_bank_reg[30][27]_i_11_n_0
    SLICE_X44Y72         CARRY4 (Prop_carry4_CI_O[1])
                                                      0.334    11.205 r  rf_inst/register_bank_reg[30][31]_i_17/O[1]
                         net (fo=1, routed)           0.592    11.797    rf_inst/data2[29]
    SLICE_X39Y73         LUT4 (Prop_lut4_I0_O)        0.303    12.100 r  rf_inst/register_bank[30][29]_i_7/O
                         net (fo=1, routed)           0.564    12.664    rf_inst/register_bank[30][29]_i_7_n_0
    SLICE_X37Y73         LUT5 (Prop_lut5_I4_O)        0.124    12.788 r  rf_inst/register_bank[30][29]_i_3/O
                         net (fo=1, routed)           0.000    12.788    fsm_inst/register_bank_reg[30][29]
    SLICE_X37Y73         MUXF7 (Prop_muxf7_I0_O)      0.212    13.000 r  fsm_inst/register_bank_reg[30][29]_i_2/O
                         net (fo=2, routed)           0.452    13.453    fsm_inst/alu_inst/ALUout__422[29]
    SLICE_X37Y73         LUT6 (Prop_lut6_I0_O)        0.299    13.752 r  fsm_inst/register_bank[30][29]_i_1/O
                         net (fo=31, routed)          0.767    14.518    rf_inst/D[29]
    SLICE_X35Y72         FDCE                                         r  rf_inst/register_bank_reg[7][29]/D
  -------------------------------------------------------------------    -------------------

                         (clock sys_clk rise edge)   10.000    10.000 r  
    W5                                                0.000    10.000 r  clk (IN)
                         net (fo=0)                   0.000    10.000    clk
    W5                   IBUF (Prop_ibuf_I_O)         1.388    11.388 r  clk_IBUF_inst/O
                         net (fo=1, routed)           1.862    13.250    clk_IBUF
    BUFGCTRL_X0Y0        BUFG (Prop_bufg_I_O)         0.091    13.341 r  clk_IBUF_BUFG_inst/O
                         net (fo=1029, routed)        1.420    14.761    rf_inst/CLK
    SLICE_X35Y72         FDCE                                         r  rf_inst/register_bank_reg[7][29]/C
                         clock pessimism              0.187    14.948    
                         clock uncertainty           -0.035    14.912    
    SLICE_X35Y72         FDCE (Setup_fdce_C_D)       -0.081    14.831    rf_inst/register_bank_reg[7][29]
  -------------------------------------------------------------------
                         required time                         14.831    
                         arrival time                         -14.518    
  -------------------------------------------------------------------
                         slack                                  0.313    





Min Delay Paths
--------------------------------------------------------------------------------------
Slack (MET) :             0.242ns  (arrival time - required time)
  Source:                 fsm_inst/FSM_sequential_current_state_reg[2]/C
                            (rising edge-triggered cell FDCE clocked by sys_clk  {rise@0.000ns fall@5.000ns period=10.000ns})
  Destination:            fsm_inst/FSM_sequential_current_state_reg[2]/D
                            (rising edge-triggered cell FDCE clocked by sys_clk  {rise@0.000ns fall@5.000ns period=10.000ns})
  Path Group:             sys_clk
  Path Type:              Hold (Min at Fast Process Corner)
  Requirement:            0.000ns  (sys_clk rise@0.000ns - sys_clk rise@0.000ns)
  Data Path Delay:        0.334ns  (logic 0.186ns (55.737%)  route 0.148ns (44.263%))
  Logic Levels:           1  (LUT6=1)
  Clock Path Skew:        0.000ns (DCD - SCD - CPR)
    Destination Clock Delay (DCD):    1.962ns
    Source Clock Delay      (SCD):    1.447ns
    Clock Pessimism Removal (CPR):    0.515ns

    Location             Delay type                Incr(ns)  Path(ns)    Netlist Resource(s)
  -------------------------------------------------------------------    -------------------
                         (clock sys_clk rise edge)    0.000     0.000 r  
    W5                                                0.000     0.000 r  clk (IN)
                         net (fo=0)                   0.000     0.000    clk
    W5                   IBUF (Prop_ibuf_I_O)         0.226     0.226 r  clk_IBUF_inst/O
                         net (fo=1, routed)           0.631     0.858    clk_IBUF
    BUFGCTRL_X0Y0        BUFG (Prop_bufg_I_O)         0.026     0.884 r  clk_IBUF_BUFG_inst/O
                         net (fo=1029, routed)        0.564     1.447    fsm_inst/clk_IBUF_BUFG
    SLICE_X51Y53         FDCE                                         r  fsm_inst/FSM_sequential_current_state_reg[2]/C
  -------------------------------------------------------------------    -------------------
    SLICE_X51Y53         FDCE (Prop_fdce_C_Q)         0.141     1.588 r  fsm_inst/FSM_sequential_current_state_reg[2]/Q
                         net (fo=61, routed)          0.148     1.736    fsm_inst/current_state__0[2]
    SLICE_X51Y53         LUT6 (Prop_lut6_I3_O)        0.045     1.781 r  fsm_inst/FSM_sequential_current_state[2]_i_1/O
                         net (fo=1, routed)           0.000     1.781    fsm_inst/FSM_sequential_current_state[2]_i_1_n_0
    SLICE_X51Y53         FDCE                                         r  fsm_inst/FSM_sequential_current_state_reg[2]/D
  -------------------------------------------------------------------    -------------------

                         (clock sys_clk rise edge)    0.000     0.000 r  
    W5                                                0.000     0.000 r  clk (IN)
                         net (fo=0)                   0.000     0.000    clk
    W5                   IBUF (Prop_ibuf_I_O)         0.414     0.414 r  clk_IBUF_inst/O
                         net (fo=1, routed)           0.685     1.099    clk_IBUF
    BUFGCTRL_X0Y0        BUFG (Prop_bufg_I_O)         0.029     1.128 r  clk_IBUF_BUFG_inst/O
                         net (fo=1029, routed)        0.834     1.962    fsm_inst/clk_IBUF_BUFG
    SLICE_X51Y53         FDCE                                         r  fsm_inst/FSM_sequential_current_state_reg[2]/C
                         clock pessimism             -0.515     1.447    
    SLICE_X51Y53         FDCE (Hold_fdce_C_D)         0.092     1.539    fsm_inst/FSM_sequential_current_state_reg[2]
  -------------------------------------------------------------------
                         required time                         -1.539    
                         arrival time                           1.781    
  -------------------------------------------------------------------
                         slack                                  0.242    

Slack (MET) :             0.244ns  (arrival time - required time)
  Source:                 fsm_inst/FSM_sequential_current_state_reg[2]/C
                            (rising edge-triggered cell FDCE clocked by sys_clk  {rise@0.000ns fall@5.000ns period=10.000ns})
  Destination:            fsm_inst/FSM_sequential_current_state_reg[1]/D
                            (rising edge-triggered cell FDCE clocked by sys_clk  {rise@0.000ns fall@5.000ns period=10.000ns})
  Path Group:             sys_clk
  Path Type:              Hold (Min at Fast Process Corner)
  Requirement:            0.000ns  (sys_clk rise@0.000ns - sys_clk rise@0.000ns)
  Data Path Delay:        0.335ns  (logic 0.186ns (55.571%)  route 0.149ns (44.429%))
  Logic Levels:           1  (LUT6=1)
  Clock Path Skew:        0.000ns (DCD - SCD - CPR)
    Destination Clock Delay (DCD):    1.962ns
    Source Clock Delay      (SCD):    1.447ns
    Clock Pessimism Removal (CPR):    0.515ns

    Location             Delay type                Incr(ns)  Path(ns)    Netlist Resource(s)
  -------------------------------------------------------------------    -------------------
                         (clock sys_clk rise edge)    0.000     0.000 r  
    W5                                                0.000     0.000 r  clk (IN)
                         net (fo=0)                   0.000     0.000    clk
    W5                   IBUF (Prop_ibuf_I_O)         0.226     0.226 r  clk_IBUF_inst/O
                         net (fo=1, routed)           0.631     0.858    clk_IBUF
    BUFGCTRL_X0Y0        BUFG (Prop_bufg_I_O)         0.026     0.884 r  clk_IBUF_BUFG_inst/O
                         net (fo=1029, routed)        0.564     1.447    fsm_inst/clk_IBUF_BUFG
    SLICE_X51Y53         FDCE                                         r  fsm_inst/FSM_sequential_current_state_reg[2]/C
  -------------------------------------------------------------------    -------------------
    SLICE_X51Y53         FDCE (Prop_fdce_C_Q)         0.141     1.588 r  fsm_inst/FSM_sequential_current_state_reg[2]/Q
                         net (fo=61, routed)          0.149     1.737    fsm_inst/current_state__0[2]
    SLICE_X51Y53         LUT6 (Prop_lut6_I3_O)        0.045     1.782 r  fsm_inst/FSM_sequential_current_state[1]_i_1/O
                         net (fo=1, routed)           0.000     1.782    fsm_inst/FSM_sequential_current_state[1]_i_1_n_0
    SLICE_X51Y53         FDCE                                         r  fsm_inst/FSM_sequential_current_state_reg[1]/D
  -------------------------------------------------------------------    -------------------

                         (clock sys_clk rise edge)    0.000     0.000 r  
    W5                                                0.000     0.000 r  clk (IN)
                         net (fo=0)                   0.000     0.000    clk
    W5                   IBUF (Prop_ibuf_I_O)         0.414     0.414 r  clk_IBUF_inst/O
                         net (fo=1, routed)           0.685     1.099    clk_IBUF
    BUFGCTRL_X0Y0        BUFG (Prop_bufg_I_O)         0.029     1.128 r  clk_IBUF_BUFG_inst/O
                         net (fo=1029, routed)        0.834     1.962    fsm_inst/clk_IBUF_BUFG
    SLICE_X51Y53         FDCE                                         r  fsm_inst/FSM_sequential_current_state_reg[1]/C
                         clock pessimism             -0.515     1.447    
    SLICE_X51Y53         FDCE (Hold_fdce_C_D)         0.091     1.538    fsm_inst/FSM_sequential_current_state_reg[1]
  -------------------------------------------------------------------
                         required time                         -1.538    
                         arrival time                           1.782    
  -------------------------------------------------------------------
                         slack                                  0.244    

Slack (MET) :             0.252ns  (arrival time - required time)
  Source:                 sseg_inst/refresh_counter_reg[11]/C
                            (rising edge-triggered cell FDCE clocked by sys_clk  {rise@0.000ns fall@5.000ns period=10.000ns})
  Destination:            sseg_inst/refresh_counter_reg[11]/D
                            (rising edge-triggered cell FDCE clocked by sys_clk  {rise@0.000ns fall@5.000ns period=10.000ns})
  Path Group:             sys_clk
  Path Type:              Hold (Min at Fast Process Corner)
  Requirement:            0.000ns  (sys_clk rise@0.000ns - sys_clk rise@0.000ns)
  Data Path Delay:        0.357ns  (logic 0.249ns (69.714%)  route 0.108ns (30.286%))
  Logic Levels:           1  (CARRY4=1)
  Clock Path Skew:        0.000ns (DCD - SCD - CPR)
    Destination Clock Delay (DCD):    1.959ns
    Source Clock Delay      (SCD):    1.445ns
    Clock Pessimism Removal (CPR):    0.514ns

    Location             Delay type                Incr(ns)  Path(ns)    Netlist Resource(s)
  -------------------------------------------------------------------    -------------------
                         (clock sys_clk rise edge)    0.000     0.000 r  
    W5                                                0.000     0.000 r  clk (IN)
                         net (fo=0)                   0.000     0.000    clk
    W5                   IBUF (Prop_ibuf_I_O)         0.226     0.226 r  clk_IBUF_inst/O
                         net (fo=1, routed)           0.631     0.858    clk_IBUF
    BUFGCTRL_X0Y0        BUFG (Prop_bufg_I_O)         0.026     0.884 r  clk_IBUF_BUFG_inst/O
                         net (fo=1029, routed)        0.562     1.445    sseg_inst/CLK
    SLICE_X45Y55         FDCE                                         r  sseg_inst/refresh_counter_reg[11]/C
  -------------------------------------------------------------------    -------------------
    SLICE_X45Y55         FDCE (Prop_fdce_C_Q)         0.141     1.586 r  sseg_inst/refresh_counter_reg[11]/Q
                         net (fo=1, routed)           0.108     1.694    sseg_inst/refresh_counter_reg_n_0_[11]
    SLICE_X45Y55         CARRY4 (Prop_carry4_S[3]_O[3])
                                                      0.108     1.802 r  sseg_inst/refresh_counter_reg[8]_i_1/O[3]
                         net (fo=1, routed)           0.000     1.802    sseg_inst/refresh_counter_reg[8]_i_1_n_4
    SLICE_X45Y55         FDCE                                         r  sseg_inst/refresh_counter_reg[11]/D
  -------------------------------------------------------------------    -------------------

                         (clock sys_clk rise edge)    0.000     0.000 r  
    W5                                                0.000     0.000 r  clk (IN)
                         net (fo=0)                   0.000     0.000    clk
    W5                   IBUF (Prop_ibuf_I_O)         0.414     0.414 r  clk_IBUF_inst/O
                         net (fo=1, routed)           0.685     1.099    clk_IBUF
    BUFGCTRL_X0Y0        BUFG (Prop_bufg_I_O)         0.029     1.128 r  clk_IBUF_BUFG_inst/O
                         net (fo=1029, routed)        0.831     1.959    sseg_inst/CLK
    SLICE_X45Y55         FDCE                                         r  sseg_inst/refresh_counter_reg[11]/C
                         clock pessimism             -0.514     1.445    
    SLICE_X45Y55         FDCE (Hold_fdce_C_D)         0.105     1.550    sseg_inst/refresh_counter_reg[11]
  -------------------------------------------------------------------
                         required time                         -1.550    
                         arrival time                           1.802    
  -------------------------------------------------------------------
                         slack                                  0.252    

Slack (MET) :             0.252ns  (arrival time - required time)
  Source:                 sseg_inst/refresh_counter_reg[15]/C
                            (rising edge-triggered cell FDCE clocked by sys_clk  {rise@0.000ns fall@5.000ns period=10.000ns})
  Destination:            sseg_inst/refresh_counter_reg[15]/D
                            (rising edge-triggered cell FDCE clocked by sys_clk  {rise@0.000ns fall@5.000ns period=10.000ns})
  Path Group:             sys_clk
  Path Type:              Hold (Min at Fast Process Corner)
  Requirement:            0.000ns  (sys_clk rise@0.000ns - sys_clk rise@0.000ns)
  Data Path Delay:        0.357ns  (logic 0.249ns (69.714%)  route 0.108ns (30.286%))
  Logic Levels:           1  (CARRY4=1)
  Clock Path Skew:        0.000ns (DCD - SCD - CPR)
    Destination Clock Delay (DCD):    1.959ns
    Source Clock Delay      (SCD):    1.445ns
    Clock Pessimism Removal (CPR):    0.514ns

    Location             Delay type                Incr(ns)  Path(ns)    Netlist Resource(s)
  -------------------------------------------------------------------    -------------------
                         (clock sys_clk rise edge)    0.000     0.000 r  
    W5                                                0.000     0.000 r  clk (IN)
                         net (fo=0)                   0.000     0.000    clk
    W5                   IBUF (Prop_ibuf_I_O)         0.226     0.226 r  clk_IBUF_inst/O
                         net (fo=1, routed)           0.631     0.858    clk_IBUF
    BUFGCTRL_X0Y0        BUFG (Prop_bufg_I_O)         0.026     0.884 r  clk_IBUF_BUFG_inst/O
                         net (fo=1029, routed)        0.562     1.445    sseg_inst/CLK
    SLICE_X45Y56         FDCE                                         r  sseg_inst/refresh_counter_reg[15]/C
  -------------------------------------------------------------------    -------------------
    SLICE_X45Y56         FDCE (Prop_fdce_C_Q)         0.141     1.586 r  sseg_inst/refresh_counter_reg[15]/Q
                         net (fo=1, routed)           0.108     1.694    sseg_inst/refresh_counter_reg_n_0_[15]
    SLICE_X45Y56         CARRY4 (Prop_carry4_S[3]_O[3])
                                                      0.108     1.802 r  sseg_inst/refresh_counter_reg[12]_i_1/O[3]
                         net (fo=1, routed)           0.000     1.802    sseg_inst/refresh_counter_reg[12]_i_1_n_4
    SLICE_X45Y56         FDCE                                         r  sseg_inst/refresh_counter_reg[15]/D
  -------------------------------------------------------------------    -------------------

                         (clock sys_clk rise edge)    0.000     0.000 r  
    W5                                                0.000     0.000 r  clk (IN)
                         net (fo=0)                   0.000     0.000    clk
    W5                   IBUF (Prop_ibuf_I_O)         0.414     0.414 r  clk_IBUF_inst/O
                         net (fo=1, routed)           0.685     1.099    clk_IBUF
    BUFGCTRL_X0Y0        BUFG (Prop_bufg_I_O)         0.029     1.128 r  clk_IBUF_BUFG_inst/O
                         net (fo=1029, routed)        0.831     1.959    sseg_inst/CLK
    SLICE_X45Y56         FDCE                                         r  sseg_inst/refresh_counter_reg[15]/C
                         clock pessimism             -0.514     1.445    
    SLICE_X45Y56         FDCE (Hold_fdce_C_D)         0.105     1.550    sseg_inst/refresh_counter_reg[15]
  -------------------------------------------------------------------
                         required time                         -1.550    
                         arrival time                           1.802    
  -------------------------------------------------------------------
                         slack                                  0.252    

Slack (MET) :             0.252ns  (arrival time - required time)
  Source:                 sseg_inst/refresh_counter_reg[3]/C
                            (rising edge-triggered cell FDCE clocked by sys_clk  {rise@0.000ns fall@5.000ns period=10.000ns})
  Destination:            sseg_inst/refresh_counter_reg[3]/D
                            (rising edge-triggered cell FDCE clocked by sys_clk  {rise@0.000ns fall@5.000ns period=10.000ns})
  Path Group:             sys_clk
  Path Type:              Hold (Min at Fast Process Corner)
  Requirement:            0.000ns  (sys_clk rise@0.000ns - sys_clk rise@0.000ns)
  Data Path Delay:        0.357ns  (logic 0.249ns (69.714%)  route 0.108ns (30.286%))
  Logic Levels:           1  (CARRY4=1)
  Clock Path Skew:        0.000ns (DCD - SCD - CPR)
    Destination Clock Delay (DCD):    1.959ns
    Source Clock Delay      (SCD):    1.445ns
    Clock Pessimism Removal (CPR):    0.514ns

    Location             Delay type                Incr(ns)  Path(ns)    Netlist Resource(s)
  -------------------------------------------------------------------    -------------------
                         (clock sys_clk rise edge)    0.000     0.000 r  
    W5                                                0.000     0.000 r  clk (IN)
                         net (fo=0)                   0.000     0.000    clk
    W5                   IBUF (Prop_ibuf_I_O)         0.226     0.226 r  clk_IBUF_inst/O
                         net (fo=1, routed)           0.631     0.858    clk_IBUF
    BUFGCTRL_X0Y0        BUFG (Prop_bufg_I_O)         0.026     0.884 r  clk_IBUF_BUFG_inst/O
                         net (fo=1029, routed)        0.562     1.445    sseg_inst/CLK
    SLICE_X45Y53         FDCE                                         r  sseg_inst/refresh_counter_reg[3]/C
  -------------------------------------------------------------------    -------------------
    SLICE_X45Y53         FDCE (Prop_fdce_C_Q)         0.141     1.586 r  sseg_inst/refresh_counter_reg[3]/Q
                         net (fo=1, routed)           0.108     1.694    sseg_inst/refresh_counter_reg_n_0_[3]
    SLICE_X45Y53         CARRY4 (Prop_carry4_S[3]_O[3])
                                                      0.108     1.802 r  sseg_inst/refresh_counter_reg[0]_i_1/O[3]
                         net (fo=1, routed)           0.000     1.802    sseg_inst/refresh_counter_reg[0]_i_1_n_4
    SLICE_X45Y53         FDCE                                         r  sseg_inst/refresh_counter_reg[3]/D
  -------------------------------------------------------------------    -------------------

                         (clock sys_clk rise edge)    0.000     0.000 r  
    W5                                                0.000     0.000 r  clk (IN)
                         net (fo=0)                   0.000     0.000    clk
    W5                   IBUF (Prop_ibuf_I_O)         0.414     0.414 r  clk_IBUF_inst/O
                         net (fo=1, routed)           0.685     1.099    clk_IBUF
    BUFGCTRL_X0Y0        BUFG (Prop_bufg_I_O)         0.029     1.128 r  clk_IBUF_BUFG_inst/O
                         net (fo=1029, routed)        0.831     1.959    sseg_inst/CLK
    SLICE_X45Y53         FDCE                                         r  sseg_inst/refresh_counter_reg[3]/C
                         clock pessimism             -0.514     1.445    
    SLICE_X45Y53         FDCE (Hold_fdce_C_D)         0.105     1.550    sseg_inst/refresh_counter_reg[3]
  -------------------------------------------------------------------
                         required time                         -1.550    
                         arrival time                           1.802    
  -------------------------------------------------------------------
                         slack                                  0.252    

Slack (MET) :             0.252ns  (arrival time - required time)
  Source:                 sseg_inst/refresh_counter_reg[7]/C
                            (rising edge-triggered cell FDCE clocked by sys_clk  {rise@0.000ns fall@5.000ns period=10.000ns})
  Destination:            sseg_inst/refresh_counter_reg[7]/D
                            (rising edge-triggered cell FDCE clocked by sys_clk  {rise@0.000ns fall@5.000ns period=10.000ns})
  Path Group:             sys_clk
  Path Type:              Hold (Min at Fast Process Corner)
  Requirement:            0.000ns  (sys_clk rise@0.000ns - sys_clk rise@0.000ns)
  Data Path Delay:        0.357ns  (logic 0.249ns (69.714%)  route 0.108ns (30.286%))
  Logic Levels:           1  (CARRY4=1)
  Clock Path Skew:        0.000ns (DCD - SCD - CPR)
    Destination Clock Delay (DCD):    1.959ns
    Source Clock Delay      (SCD):    1.445ns
    Clock Pessimism Removal (CPR):    0.514ns

    Location             Delay type                Incr(ns)  Path(ns)    Netlist Resource(s)
  -------------------------------------------------------------------    -------------------
                         (clock sys_clk rise edge)    0.000     0.000 r  
    W5                                                0.000     0.000 r  clk (IN)
                         net (fo=0)                   0.000     0.000    clk
    W5                   IBUF (Prop_ibuf_I_O)         0.226     0.226 r  clk_IBUF_inst/O
                         net (fo=1, routed)           0.631     0.858    clk_IBUF
    BUFGCTRL_X0Y0        BUFG (Prop_bufg_I_O)         0.026     0.884 r  clk_IBUF_BUFG_inst/O
                         net (fo=1029, routed)        0.562     1.445    sseg_inst/CLK
    SLICE_X45Y54         FDCE                                         r  sseg_inst/refresh_counter_reg[7]/C
  -------------------------------------------------------------------    -------------------
    SLICE_X45Y54         FDCE (Prop_fdce_C_Q)         0.141     1.586 r  sseg_inst/refresh_counter_reg[7]/Q
                         net (fo=1, routed)           0.108     1.694    sseg_inst/refresh_counter_reg_n_0_[7]
    SLICE_X45Y54         CARRY4 (Prop_carry4_S[3]_O[3])
                                                      0.108     1.802 r  sseg_inst/refresh_counter_reg[4]_i_1/O[3]
                         net (fo=1, routed)           0.000     1.802    sseg_inst/refresh_counter_reg[4]_i_1_n_4
    SLICE_X45Y54         FDCE                                         r  sseg_inst/refresh_counter_reg[7]/D
  -------------------------------------------------------------------    -------------------

                         (clock sys_clk rise edge)    0.000     0.000 r  
    W5                                                0.000     0.000 r  clk (IN)
                         net (fo=0)                   0.000     0.000    clk
    W5                   IBUF (Prop_ibuf_I_O)         0.414     0.414 r  clk_IBUF_inst/O
                         net (fo=1, routed)           0.685     1.099    clk_IBUF
    BUFGCTRL_X0Y0        BUFG (Prop_bufg_I_O)         0.029     1.128 r  clk_IBUF_BUFG_inst/O
                         net (fo=1029, routed)        0.831     1.959    sseg_inst/CLK
    SLICE_X45Y54         FDCE                                         r  sseg_inst/refresh_counter_reg[7]/C
                         clock pessimism             -0.514     1.445    
    SLICE_X45Y54         FDCE (Hold_fdce_C_D)         0.105     1.550    sseg_inst/refresh_counter_reg[7]
  -------------------------------------------------------------------
                         required time                         -1.550    
                         arrival time                           1.802    
  -------------------------------------------------------------------
                         slack                                  0.252    

Slack (MET) :             0.256ns  (arrival time - required time)
  Source:                 sseg_inst/refresh_counter_reg[16]/C
                            (rising edge-triggered cell FDCE clocked by sys_clk  {rise@0.000ns fall@5.000ns period=10.000ns})
  Destination:            sseg_inst/refresh_counter_reg[16]/D
                            (rising edge-triggered cell FDCE clocked by sys_clk  {rise@0.000ns fall@5.000ns period=10.000ns})
  Path Group:             sys_clk
  Path Type:              Hold (Min at Fast Process Corner)
  Requirement:            0.000ns  (sys_clk rise@0.000ns - sys_clk rise@0.000ns)
  Data Path Delay:        0.361ns  (logic 0.256ns (70.880%)  route 0.105ns (29.120%))
  Logic Levels:           1  (CARRY4=1)
  Clock Path Skew:        0.000ns (DCD - SCD - CPR)
    Destination Clock Delay (DCD):    1.958ns
    Source Clock Delay      (SCD):    1.444ns
    Clock Pessimism Removal (CPR):    0.514ns

    Location             Delay type                Incr(ns)  Path(ns)    Netlist Resource(s)
  -------------------------------------------------------------------    -------------------
                         (clock sys_clk rise edge)    0.000     0.000 r  
    W5                                                0.000     0.000 r  clk (IN)
                         net (fo=0)                   0.000     0.000    clk
    W5                   IBUF (Prop_ibuf_I_O)         0.226     0.226 r  clk_IBUF_inst/O
                         net (fo=1, routed)           0.631     0.858    clk_IBUF
    BUFGCTRL_X0Y0        BUFG (Prop_bufg_I_O)         0.026     0.884 r  clk_IBUF_BUFG_inst/O
                         net (fo=1029, routed)        0.561     1.444    sseg_inst/CLK
    SLICE_X45Y57         FDCE                                         r  sseg_inst/refresh_counter_reg[16]/C
  -------------------------------------------------------------------    -------------------
    SLICE_X45Y57         FDCE (Prop_fdce_C_Q)         0.141     1.585 r  sseg_inst/refresh_counter_reg[16]/Q
                         net (fo=1, routed)           0.105     1.690    sseg_inst/refresh_counter_reg_n_0_[16]
    SLICE_X45Y57         CARRY4 (Prop_carry4_S[0]_O[0])
                                                      0.115     1.805 r  sseg_inst/refresh_counter_reg[16]_i_1/O[0]
                         net (fo=1, routed)           0.000     1.805    sseg_inst/refresh_counter_reg[16]_i_1_n_7
    SLICE_X45Y57         FDCE                                         r  sseg_inst/refresh_counter_reg[16]/D
  -------------------------------------------------------------------    -------------------

                         (clock sys_clk rise edge)    0.000     0.000 r  
    W5                                                0.000     0.000 r  clk (IN)
                         net (fo=0)                   0.000     0.000    clk
    W5                   IBUF (Prop_ibuf_I_O)         0.414     0.414 r  clk_IBUF_inst/O
                         net (fo=1, routed)           0.685     1.099    clk_IBUF
    BUFGCTRL_X0Y0        BUFG (Prop_bufg_I_O)         0.029     1.128 r  clk_IBUF_BUFG_inst/O
                         net (fo=1029, routed)        0.831     1.958    sseg_inst/CLK
    SLICE_X45Y57         FDCE                                         r  sseg_inst/refresh_counter_reg[16]/C
                         clock pessimism             -0.514     1.444    
    SLICE_X45Y57         FDCE (Hold_fdce_C_D)         0.105     1.549    sseg_inst/refresh_counter_reg[16]
  -------------------------------------------------------------------
                         required time                         -1.549    
                         arrival time                           1.805    
  -------------------------------------------------------------------
                         slack                                  0.256    

Slack (MET) :             0.256ns  (arrival time - required time)
  Source:                 sseg_inst/refresh_counter_reg[12]/C
                            (rising edge-triggered cell FDCE clocked by sys_clk  {rise@0.000ns fall@5.000ns period=10.000ns})
  Destination:            sseg_inst/refresh_counter_reg[12]/D
                            (rising edge-triggered cell FDCE clocked by sys_clk  {rise@0.000ns fall@5.000ns period=10.000ns})
  Path Group:             sys_clk
  Path Type:              Hold (Min at Fast Process Corner)
  Requirement:            0.000ns  (sys_clk rise@0.000ns - sys_clk rise@0.000ns)
  Data Path Delay:        0.361ns  (logic 0.256ns (70.880%)  route 0.105ns (29.120%))
  Logic Levels:           1  (CARRY4=1)
  Clock Path Skew:        0.000ns (DCD - SCD - CPR)
    Destination Clock Delay (DCD):    1.959ns
    Source Clock Delay      (SCD):    1.445ns
    Clock Pessimism Removal (CPR):    0.514ns

    Location             Delay type                Incr(ns)  Path(ns)    Netlist Resource(s)
  -------------------------------------------------------------------    -------------------
                         (clock sys_clk rise edge)    0.000     0.000 r  
    W5                                                0.000     0.000 r  clk (IN)
                         net (fo=0)                   0.000     0.000    clk
    W5                   IBUF (Prop_ibuf_I_O)         0.226     0.226 r  clk_IBUF_inst/O
                         net (fo=1, routed)           0.631     0.858    clk_IBUF
    BUFGCTRL_X0Y0        BUFG (Prop_bufg_I_O)         0.026     0.884 r  clk_IBUF_BUFG_inst/O
                         net (fo=1029, routed)        0.562     1.445    sseg_inst/CLK
    SLICE_X45Y56         FDCE                                         r  sseg_inst/refresh_counter_reg[12]/C
  -------------------------------------------------------------------    -------------------
    SLICE_X45Y56         FDCE (Prop_fdce_C_Q)         0.141     1.586 r  sseg_inst/refresh_counter_reg[12]/Q
                         net (fo=1, routed)           0.105     1.691    sseg_inst/refresh_counter_reg_n_0_[12]
    SLICE_X45Y56         CARRY4 (Prop_carry4_S[0]_O[0])
                                                      0.115     1.806 r  sseg_inst/refresh_counter_reg[12]_i_1/O[0]
                         net (fo=1, routed)           0.000     1.806    sseg_inst/refresh_counter_reg[12]_i_1_n_7
    SLICE_X45Y56         FDCE                                         r  sseg_inst/refresh_counter_reg[12]/D
  -------------------------------------------------------------------    -------------------

                         (clock sys_clk rise edge)    0.000     0.000 r  
    W5                                                0.000     0.000 r  clk (IN)
                         net (fo=0)                   0.000     0.000    clk
    W5                   IBUF (Prop_ibuf_I_O)         0.414     0.414 r  clk_IBUF_inst/O
                         net (fo=1, routed)           0.685     1.099    clk_IBUF
    BUFGCTRL_X0Y0        BUFG (Prop_bufg_I_O)         0.029     1.128 r  clk_IBUF_BUFG_inst/O
                         net (fo=1029, routed)        0.831     1.959    sseg_inst/CLK
    SLICE_X45Y56         FDCE                                         r  sseg_inst/refresh_counter_reg[12]/C
                         clock pessimism             -0.514     1.445    
    SLICE_X45Y56         FDCE (Hold_fdce_C_D)         0.105     1.550    sseg_inst/refresh_counter_reg[12]
  -------------------------------------------------------------------
                         required time                         -1.550    
                         arrival time                           1.806    
  -------------------------------------------------------------------
                         slack                                  0.256    

Slack (MET) :             0.256ns  (arrival time - required time)
  Source:                 sseg_inst/refresh_counter_reg[4]/C
                            (rising edge-triggered cell FDCE clocked by sys_clk  {rise@0.000ns fall@5.000ns period=10.000ns})
  Destination:            sseg_inst/refresh_counter_reg[4]/D
                            (rising edge-triggered cell FDCE clocked by sys_clk  {rise@0.000ns fall@5.000ns period=10.000ns})
  Path Group:             sys_clk
  Path Type:              Hold (Min at Fast Process Corner)
  Requirement:            0.000ns  (sys_clk rise@0.000ns - sys_clk rise@0.000ns)
  Data Path Delay:        0.361ns  (logic 0.256ns (70.880%)  route 0.105ns (29.120%))
  Logic Levels:           1  (CARRY4=1)
  Clock Path Skew:        0.000ns (DCD - SCD - CPR)
    Destination Clock Delay (DCD):    1.959ns
    Source Clock Delay      (SCD):    1.445ns
    Clock Pessimism Removal (CPR):    0.514ns

    Location             Delay type                Incr(ns)  Path(ns)    Netlist Resource(s)
  -------------------------------------------------------------------    -------------------
                         (clock sys_clk rise edge)    0.000     0.000 r  
    W5                                                0.000     0.000 r  clk (IN)
                         net (fo=0)                   0.000     0.000    clk
    W5                   IBUF (Prop_ibuf_I_O)         0.226     0.226 r  clk_IBUF_inst/O
                         net (fo=1, routed)           0.631     0.858    clk_IBUF
    BUFGCTRL_X0Y0        BUFG (Prop_bufg_I_O)         0.026     0.884 r  clk_IBUF_BUFG_inst/O
                         net (fo=1029, routed)        0.562     1.445    sseg_inst/CLK
    SLICE_X45Y54         FDCE                                         r  sseg_inst/refresh_counter_reg[4]/C
  -------------------------------------------------------------------    -------------------
    SLICE_X45Y54         FDCE (Prop_fdce_C_Q)         0.141     1.586 r  sseg_inst/refresh_counter_reg[4]/Q
                         net (fo=1, routed)           0.105     1.691    sseg_inst/refresh_counter_reg_n_0_[4]
    SLICE_X45Y54         CARRY4 (Prop_carry4_S[0]_O[0])
                                                      0.115     1.806 r  sseg_inst/refresh_counter_reg[4]_i_1/O[0]
                         net (fo=1, routed)           0.000     1.806    sseg_inst/refresh_counter_reg[4]_i_1_n_7
    SLICE_X45Y54         FDCE                                         r  sseg_inst/refresh_counter_reg[4]/D
  -------------------------------------------------------------------    -------------------

                         (clock sys_clk rise edge)    0.000     0.000 r  
    W5                                                0.000     0.000 r  clk (IN)
                         net (fo=0)                   0.000     0.000    clk
    W5                   IBUF (Prop_ibuf_I_O)         0.414     0.414 r  clk_IBUF_inst/O
                         net (fo=1, routed)           0.685     1.099    clk_IBUF
    BUFGCTRL_X0Y0        BUFG (Prop_bufg_I_O)         0.029     1.128 r  clk_IBUF_BUFG_inst/O
                         net (fo=1029, routed)        0.831     1.959    sseg_inst/CLK
    SLICE_X45Y54         FDCE                                         r  sseg_inst/refresh_counter_reg[4]/C
                         clock pessimism             -0.514     1.445    
    SLICE_X45Y54         FDCE (Hold_fdce_C_D)         0.105     1.550    sseg_inst/refresh_counter_reg[4]
  -------------------------------------------------------------------
                         required time                         -1.550    
                         arrival time                           1.806    
  -------------------------------------------------------------------
                         slack                                  0.256    

Slack (MET) :             0.256ns  (arrival time - required time)
  Source:                 sseg_inst/refresh_counter_reg[8]/C
                            (rising edge-triggered cell FDCE clocked by sys_clk  {rise@0.000ns fall@5.000ns period=10.000ns})
  Destination:            sseg_inst/refresh_counter_reg[8]/D
                            (rising edge-triggered cell FDCE clocked by sys_clk  {rise@0.000ns fall@5.000ns period=10.000ns})
  Path Group:             sys_clk
  Path Type:              Hold (Min at Fast Process Corner)
  Requirement:            0.000ns  (sys_clk rise@0.000ns - sys_clk rise@0.000ns)
  Data Path Delay:        0.361ns  (logic 0.256ns (70.880%)  route 0.105ns (29.120%))
  Logic Levels:           1  (CARRY4=1)
  Clock Path Skew:        0.000ns (DCD - SCD - CPR)
    Destination Clock Delay (DCD):    1.959ns
    Source Clock Delay      (SCD):    1.445ns
    Clock Pessimism Removal (CPR):    0.514ns

    Location             Delay type                Incr(ns)  Path(ns)    Netlist Resource(s)
  -------------------------------------------------------------------    -------------------
                         (clock sys_clk rise edge)    0.000     0.000 r  
    W5                                                0.000     0.000 r  clk (IN)
                         net (fo=0)                   0.000     0.000    clk
    W5                   IBUF (Prop_ibuf_I_O)         0.226     0.226 r  clk_IBUF_inst/O
                         net (fo=1, routed)           0.631     0.858    clk_IBUF
    BUFGCTRL_X0Y0        BUFG (Prop_bufg_I_O)         0.026     0.884 r  clk_IBUF_BUFG_inst/O
                         net (fo=1029, routed)        0.562     1.445    sseg_inst/CLK
    SLICE_X45Y55         FDCE                                         r  sseg_inst/refresh_counter_reg[8]/C
  -------------------------------------------------------------------    -------------------
    SLICE_X45Y55         FDCE (Prop_fdce_C_Q)         0.141     1.586 r  sseg_inst/refresh_counter_reg[8]/Q
                         net (fo=1, routed)           0.105     1.691    sseg_inst/refresh_counter_reg_n_0_[8]
    SLICE_X45Y55         CARRY4 (Prop_carry4_S[0]_O[0])
                                                      0.115     1.806 r  sseg_inst/refresh_counter_reg[8]_i_1/O[0]
                         net (fo=1, routed)           0.000     1.806    sseg_inst/refresh_counter_reg[8]_i_1_n_7
    SLICE_X45Y55         FDCE                                         r  sseg_inst/refresh_counter_reg[8]/D
  -------------------------------------------------------------------    -------------------

                         (clock sys_clk rise edge)    0.000     0.000 r  
    W5                                                0.000     0.000 r  clk (IN)
                         net (fo=0)                   0.000     0.000    clk
    W5                   IBUF (Prop_ibuf_I_O)         0.414     0.414 r  clk_IBUF_inst/O
                         net (fo=1, routed)           0.685     1.099    clk_IBUF
    BUFGCTRL_X0Y0        BUFG (Prop_bufg_I_O)         0.029     1.128 r  clk_IBUF_BUFG_inst/O
                         net (fo=1029, routed)        0.831     1.959    sseg_inst/CLK
    SLICE_X45Y55         FDCE                                         r  sseg_inst/refresh_counter_reg[8]/C
                         clock pessimism             -0.514     1.445    
    SLICE_X45Y55         FDCE (Hold_fdce_C_D)         0.105     1.550    sseg_inst/refresh_counter_reg[8]
  -------------------------------------------------------------------
                         required time                         -1.550    
                         arrival time                           1.806    
  -------------------------------------------------------------------
                         slack                                  0.256    





Pulse Width Checks
--------------------------------------------------------------------------------------
Clock Name:         sys_clk
Waveform(ns):       { 0.000 5.000 }
Period(ns):         10.000
Sources:            { clk }

Check Type        Corner  Lib Pin  Reference Pin  Required(ns)  Actual(ns)  Slack(ns)  Location       Pin
Min Period        n/a     BUFG/I   n/a            2.155         10.000      7.845      BUFGCTRL_X0Y0  clk_IBUF_BUFG_inst/I
Min Period        n/a     FDCE/C   n/a            1.000         10.000      9.000      SLICE_X52Y69   rf_inst/register_bank_reg[11][15]/C
Min Period        n/a     FDCE/C   n/a            1.000         10.000      9.000      SLICE_X50Y76   rf_inst/register_bank_reg[11][16]/C
Min Period        n/a     FDCE/C   n/a            1.000         10.000      9.000      SLICE_X52Y69   rf_inst/register_bank_reg[11][17]/C
Min Period        n/a     FDCE/C   n/a            1.000         10.000      9.000      SLICE_X50Y76   rf_inst/register_bank_reg[11][18]/C
Min Period        n/a     FDCE/C   n/a            1.000         10.000      9.000      SLICE_X52Y69   rf_inst/register_bank_reg[11][19]/C
Min Period        n/a     FDCE/C   n/a            1.000         10.000      9.000      SLICE_X40Y63   rf_inst/register_bank_reg[11][1]/C
Min Period        n/a     FDCE/C   n/a            1.000         10.000      9.000      SLICE_X41Y76   rf_inst/register_bank_reg[11][20]/C
Min Period        n/a     FDCE/C   n/a            1.000         10.000      9.000      SLICE_X50Y76   rf_inst/register_bank_reg[11][21]/C
Min Period        n/a     FDCE/C   n/a            1.000         10.000      9.000      SLICE_X41Y76   rf_inst/register_bank_reg[11][22]/C
Low Pulse Width   Slow    FDCE/C   n/a            0.500         5.000       4.500      SLICE_X36Y70   rf_inst/register_bank_reg[11][28]/C
Low Pulse Width   Slow    FDCE/C   n/a            0.500         5.000       4.500      SLICE_X36Y70   rf_inst/register_bank_reg[11][31]/C
Low Pulse Width   Slow    FDCE/C   n/a            0.500         5.000       4.500      SLICE_X42Y80   rf_inst/register_bank_reg[23][30]/C
Low Pulse Width   Slow    FDCE/C   n/a            0.500         5.000       4.500      SLICE_X40Y79   rf_inst/register_bank_reg[27][27]/C
Low Pulse Width   Slow    FDCE/C   n/a            0.500         5.000       4.500      SLICE_X40Y79   rf_inst/register_bank_reg[27][30]/C
Low Pulse Width   Slow    FDCE/C   n/a            0.500         5.000       4.500      SLICE_X41Y79   rf_inst/register_bank_reg[9][20]/C
Low Pulse Width   Slow    FDCE/C   n/a            0.500         5.000       4.500      SLICE_X40Y69   rf_inst/register_bank_reg[9][28]/C
Low Pulse Width   Slow    FDCE/C   n/a            0.500         5.000       4.500      SLICE_X39Y68   rf_inst/register_bank_reg[9][31]/C
Low Pulse Width   Slow    FDCE/C   n/a            0.500         5.000       4.500      SLICE_X45Y71   rf_inst/register_bank_reg[1][26]/C
Low Pulse Width   Slow    FDCE/C   n/a            0.500         5.000       4.500      SLICE_X38Y70   rf_inst/register_bank_reg[1][28]/C
High Pulse Width  Slow    FDCE/C   n/a            0.500         5.000       4.500      SLICE_X52Y69   rf_inst/register_bank_reg[11][15]/C
High Pulse Width  Slow    FDCE/C   n/a            0.500         5.000       4.500      SLICE_X52Y69   rf_inst/register_bank_reg[11][17]/C
High Pulse Width  Slow    FDCE/C   n/a            0.500         5.000       4.500      SLICE_X52Y69   rf_inst/register_bank_reg[11][19]/C
High Pulse Width  Slow    FDCE/C   n/a            0.500         5.000       4.500      SLICE_X41Y76   rf_inst/register_bank_reg[11][20]/C
High Pulse Width  Slow    FDCE/C   n/a            0.500         5.000       4.500      SLICE_X41Y76   rf_inst/register_bank_reg[11][22]/C
High Pulse Width  Slow    FDCE/C   n/a            0.500         5.000       4.500      SLICE_X41Y76   rf_inst/register_bank_reg[11][23]/C
High Pulse Width  Slow    FDCE/C   n/a            0.500         5.000       4.500      SLICE_X41Y76   rf_inst/register_bank_reg[11][26]/C
High Pulse Width  Slow    FDCE/C   n/a            0.500         5.000       4.500      SLICE_X41Y76   rf_inst/register_bank_reg[11][27]/C
High Pulse Width  Slow    FDCE/C   n/a            0.500         5.000       4.500      SLICE_X33Y72   rf_inst/register_bank_reg[11][29]/C
High Pulse Width  Fast    FDCE/C   n/a            0.500         5.000       4.500      SLICE_X33Y72   rf_inst/register_bank_reg[11][29]/C



