Copyright 1986-2020 Xilinx, Inc. All Rights Reserved.
--------------------------------------------------------------------------------------------------------------------------------------------------------------------------------------------------------------------------
| Tool Version : Vivado v.2020.1 (win64) Build 2902540 Wed May 27 19:54:49 MDT 2020
| Date         : Thu Apr  2 18:27:40 2026
| Host         : Hira running 64-bit major release  (build 9200)
| Command      : report_timing_summary -max_paths 10 -file TopLevelProcessor_timing_summary_routed.rpt -pb TopLevelProcessor_timing_summary_routed.pb -rpx TopLevelProcessor_timing_summary_routed.rpx -warn_on_violation
| Design       : TopLevelProcessor
| Device       : 7a35ti-cpg236
| Speed File   : -1L  PRODUCTION 1.23 2018-06-13
--------------------------------------------------------------------------------------------------------------------------------------------------------------------------------------------------------------------------

Timing Summary Report

------------------------------------------------------------------------------------------------
| Timer Settings
| --------------
------------------------------------------------------------------------------------------------

  Enable Multi Corner Analysis               :  Yes
  Enable Pessimism Removal                   :  Yes
  Pessimism Removal Resolution               :  Nearest Common Node
  Enable Input Delay Default Clock           :  No
  Enable Preset / Clear Arcs                 :  No
  Disable Flight Delays                      :  No
  Ignore I/O Paths                           :  No
  Timing Early Launch at Borrowing Latches   :  No
  Borrow Time for Max Delay Exceptions       :  Yes
  Merge Timing Exceptions                    :  Yes

  Corner  Analyze    Analyze    
  Name    Max Paths  Min Paths  
  ------  ---------  ---------  
  Slow    Yes        Yes        
  Fast    Yes        Yes        



check_timing report

Table of Contents
-----------------
1. checking no_clock (0)
2. checking constant_clock (0)
3. checking pulse_width_clock (0)
4. checking unconstrained_internal_endpoints (0)
5. checking no_input_delay (7)
6. checking no_output_delay (7)
7. checking multiple_clock (0)
8. checking generated_clocks (0)
9. checking loops (0)
10. checking partial_input_delay (0)
11. checking partial_output_delay (0)
12. checking latch_loops (0)

1. checking no_clock (0)
------------------------
 There are 0 register/latch pins with no clock.


2. checking constant_clock (0)
------------------------------
 There are 0 register/latch pins with constant_clock.


3. checking pulse_width_clock (0)
---------------------------------
 There are 0 register/latch pins which need pulse_width check


4. checking unconstrained_internal_endpoints (0)
------------------------------------------------
 There are 0 pins that are not constrained for maximum delay.

 There are 0 pins that are not constrained for maximum delay due to constant clock.


5. checking no_input_delay (7)
------------------------------
 There are 7 input ports with no input delay specified. (HIGH)

 There are 0 input ports with no input delay but user has a false path constraint.


6. checking no_output_delay (7)
-------------------------------
 There are 7 ports with no output delay specified. (HIGH)

 There are 0 ports with no output delay but user has a false path constraint

 There are 0 ports with no output delay but with a timing clock defined on it or propagating through it


7. checking multiple_clock (0)
------------------------------
 There are 0 register/latch pins with multiple clocks.


8. checking generated_clocks (0)
--------------------------------
 There are 0 generated clocks that are not connected to a clock source.


9. checking loops (0)
---------------------
 There are 0 combinational loops in the design.


10. checking partial_input_delay (0)
------------------------------------
 There are 0 input ports with partial input delay specified.


11. checking partial_output_delay (0)
-------------------------------------
 There are 0 ports with partial output delay specified.


12. checking latch_loops (0)
----------------------------
 There are 0 combinational latch loops in the design through latch input



------------------------------------------------------------------------------------------------
| Design Timing Summary
| ---------------------
------------------------------------------------------------------------------------------------

    WNS(ns)      TNS(ns)  TNS Failing Endpoints  TNS Total Endpoints      WHS(ns)      THS(ns)  THS Failing Endpoints  THS Total Endpoints     WPWS(ns)     TPWS(ns)  TPWS Failing Endpoints  TPWS Total Endpoints  
    -------      -------  ---------------------  -------------------      -------      -------  ---------------------  -------------------     --------     --------  ----------------------  --------------------  
      4.276        0.000                      0                 3290        0.410        0.000                      0                 3290        8.750        0.000                       0                  1141  


All user specified timing constraints are met.


------------------------------------------------------------------------------------------------
| Clock Summary
| -------------
------------------------------------------------------------------------------------------------

Clock  Waveform(ns)       Period(ns)      Frequency(MHz)
-----  ------------       ----------      --------------
clk    {0.000 10.000}     20.000          50.000          


------------------------------------------------------------------------------------------------
| Intra Clock Table
| -----------------
------------------------------------------------------------------------------------------------

Clock             WNS(ns)      TNS(ns)  TNS Failing Endpoints  TNS Total Endpoints      WHS(ns)      THS(ns)  THS Failing Endpoints  THS Total Endpoints     WPWS(ns)     TPWS(ns)  TPWS Failing Endpoints  TPWS Total Endpoints  
-----             -------      -------  ---------------------  -------------------      -------      -------  ---------------------  -------------------     --------     --------  ----------------------  --------------------  
clk                 4.276        0.000                      0                 3290        0.410        0.000                      0                 3290        8.750        0.000                       0                  1141  


------------------------------------------------------------------------------------------------
| Inter Clock Table
| -----------------
------------------------------------------------------------------------------------------------

From Clock    To Clock          WNS(ns)      TNS(ns)  TNS Failing Endpoints  TNS Total Endpoints      WHS(ns)      THS(ns)  THS Failing Endpoints  THS Total Endpoints  
----------    --------          -------      -------  ---------------------  -------------------      -------      -------  ---------------------  -------------------  


------------------------------------------------------------------------------------------------
| Other Path Groups Table
| -----------------------
------------------------------------------------------------------------------------------------

Path Group    From Clock    To Clock          WNS(ns)      TNS(ns)  TNS Failing Endpoints  TNS Total Endpoints      WHS(ns)      THS(ns)  THS Failing Endpoints  THS Total Endpoints  
----------    ----------    --------          -------      -------  ---------------------  -------------------      -------      -------  ---------------------  -------------------  


------------------------------------------------------------------------------------------------
| Timing Details
| --------------
------------------------------------------------------------------------------------------------


---------------------------------------------------------------------------------------------------
From Clock:  clk
  To Clock:  clk

Setup :            0  Failing Endpoints,  Worst Slack        4.276ns,  Total Violation        0.000ns
Hold  :            0  Failing Endpoints,  Worst Slack        0.410ns,  Total Violation        0.000ns
PW    :            0  Failing Endpoints,  Worst Slack        8.750ns,  Total Violation        0.000ns
---------------------------------------------------------------------------------------------------


Max Delay Paths
--------------------------------------------------------------------------------------
Slack (MET) :             4.276ns  (required time - arrival time)
  Source:                 u_PC/PC_reg[0]/C
                            (rising edge-triggered cell FDRE clocked by clk  {rise@0.000ns fall@10.000ns period=20.000ns})
  Destination:            u_regFile/regs_reg[7][26]/D
                            (rising edge-triggered cell FDCE clocked by clk  {rise@0.000ns fall@10.000ns period=20.000ns})
  Path Group:             clk
  Path Type:              Setup (Max at Slow Process Corner)
  Requirement:            20.000ns  (clk rise@20.000ns - clk rise@0.000ns)
  Data Path Delay:        15.587ns  (logic 4.601ns (29.517%)  route 10.986ns (70.483%))
  Logic Levels:           16  (CARRY4=2 LUT2=1 LUT3=2 LUT4=1 LUT5=2 LUT6=4 MUXF7=2 MUXF8=1 RAMS64E=1)
  Clock Path Skew:        -0.035ns (DCD - SCD + CPR)
    Destination Clock Delay (DCD):    4.781ns = ( 24.781 - 20.000 ) 
    Source Clock Delay      (SCD):    5.076ns
    Clock Pessimism Removal (CPR):    0.260ns
  Clock Uncertainty:      0.035ns  ((TSJ^2 + TIJ^2)^1/2 + DJ) / 2 + PE
    Total System Jitter     (TSJ):    0.071ns
    Total Input Jitter      (TIJ):    0.000ns
    Discrete Jitter          (DJ):    0.000ns
    Phase Error              (PE):    0.000ns

    Location             Delay type                Incr(ns)  Path(ns)    Netlist Resource(s)
  -------------------------------------------------------------------    -------------------
                         (clock clk rise edge)        0.000     0.000 r  
    W5                                                0.000     0.000 r  clk (IN)
                         net (fo=0)                   0.000     0.000    clk
    W5                   IBUF (Prop_ibuf_I_O)         1.458     1.458 r  clk_IBUF_inst/O
                         net (fo=1, routed)           1.967     3.425    clk_IBUF
    BUFGCTRL_X0Y0        BUFG (Prop_bufg_I_O)         0.096     3.521 r  clk_IBUF_BUFG_inst/O
                         net (fo=1140, routed)        1.555     5.076    u_PC/clk_IBUF_BUFG
    SLICE_X8Y21          FDRE                                         r  u_PC/PC_reg[0]/C
  -------------------------------------------------------------------    -------------------
    SLICE_X8Y21          FDRE (Prop_fdre_C_Q)         0.518     5.594 r  u_PC/PC_reg[0]/Q
                         net (fo=64, routed)          0.960     6.555    u_PC/PC_reg[0]
    SLICE_X5Y21          LUT4 (Prop_lut4_I1_O)        0.153     6.708 r  u_PC/g0_b0__0_i_3/O
                         net (fo=16, routed)          1.140     7.848    u_PC/sel[3]
    SLICE_X6Y23          LUT6 (Prop_lut6_I3_O)        0.327     8.175 r  u_PC/g0_b0__0/O
                         net (fo=3, routed)           0.463     8.638    u_PC/g0_b0__0_n_0
    SLICE_X6Y23          LUT5 (Prop_lut5_I4_O)        0.124     8.762 r  u_PC/Branch_Target_carry__0_i_7/O
                         net (fo=88, routed)          1.259    10.021    u_regFile/memory_reg_0_255_24_24_i_4_1
    SLICE_X8Y13          LUT6 (Prop_lut6_I4_O)        0.124    10.145 f  u_regFile/memory_reg_0_255_3_3_i_7/O
                         net (fo=1, routed)           0.000    10.145    u_regFile/memory_reg_0_255_3_3_i_7_n_0
    SLICE_X8Y13          MUXF7 (Prop_muxf7_I0_O)      0.241    10.386 f  u_regFile/memory_reg_0_255_3_3_i_3/O
                         net (fo=1, routed)           0.835    11.221    u_regFile/memory_reg_0_255_3_3_i_3_n_0
    SLICE_X8Y15          LUT6 (Prop_lut6_I0_O)        0.298    11.519 f  u_regFile/memory_reg_0_255_3_3_i_2/O
                         net (fo=6, routed)           1.103    12.622    u_PC/ALUout2_carry_i_7_0
    SLICE_X7Y20          LUT3 (Prop_lut3_I2_O)        0.154    12.776 r  u_PC/memory_reg_0_255_0_0_i_39/O
                         net (fo=5, routed)           0.875    13.651    u_regFile/p_0_in__0[2]
    SLICE_X8Y23          LUT2 (Prop_lut2_I1_O)        0.327    13.978 r  u_regFile/memory_reg_0_255_0_0_i_112/O
                         net (fo=1, routed)           0.000    13.978    u_regFile/memory_reg_0_255_0_0_i_112_n_0
    SLICE_X8Y23          CARRY4 (Prop_carry4_S[3]_CO[3])
                                                      0.376    14.354 r  u_regFile/memory_reg_0_255_0_0_i_80/CO[3]
                         net (fo=1, routed)           0.000    14.354    u_regFile/memory_reg_0_255_0_0_i_80_n_0
    SLICE_X8Y24          CARRY4 (Prop_carry4_CI_O[0])
                                                      0.219    14.573 r  u_regFile/memory_reg_0_255_0_0_i_62/O[0]
                         net (fo=1, routed)           0.743    15.315    u_PC/data2[4]
    SLICE_X10Y23         LUT3 (Prop_lut3_I2_O)        0.321    15.636 r  u_PC/memory_reg_0_255_0_0_i_37/O
                         net (fo=1, routed)           0.452    16.089    u_PC/memory_reg_0_255_0_0_i_37_n_0
    SLICE_X10Y23         LUT6 (Prop_lut6_I4_O)        0.328    16.417 r  u_PC/memory_reg_0_255_0_0_i_8/O
                         net (fo=130, routed)         1.442    17.859    u_dataMem/memory_reg_0_255_26_26/A2
    SLICE_X14Y32         RAMS64E (Prop_rams64e_ADR2_O)
                                                      0.470    18.328 r  u_dataMem/memory_reg_0_255_26_26/RAMS64E_A/O
                         net (fo=1, routed)           0.000    18.328    u_dataMem/memory_reg_0_255_26_26/OA
    SLICE_X14Y32         MUXF7 (Prop_muxf7_I1_O)      0.214    18.542 r  u_dataMem/memory_reg_0_255_26_26/F7.A/O
                         net (fo=1, routed)           0.000    18.542    u_dataMem/memory_reg_0_255_26_26/O1
    SLICE_X14Y32         MUXF8 (Prop_muxf8_I1_O)      0.088    18.630 r  u_dataMem/memory_reg_0_255_26_26/F8/O
                         net (fo=1, routed)           0.504    19.134    u_PC/read_data0[26]
    SLICE_X15Y32         LUT5 (Prop_lut5_I0_O)        0.319    19.453 r  u_PC/regs[1][26]_i_1/O
                         net (fo=31, routed)          1.210    20.663    u_regFile/D[26]
    SLICE_X29Y33         FDCE                                         r  u_regFile/regs_reg[7][26]/D
  -------------------------------------------------------------------    -------------------

                         (clock clk rise edge)       20.000    20.000 r  
    W5                                                0.000    20.000 r  clk (IN)
                         net (fo=0)                   0.000    20.000    clk
    W5                   IBUF (Prop_ibuf_I_O)         1.388    21.388 r  clk_IBUF_inst/O
                         net (fo=1, routed)           1.862    23.250    clk_IBUF
    BUFGCTRL_X0Y0        BUFG (Prop_bufg_I_O)         0.091    23.341 r  clk_IBUF_BUFG_inst/O
                         net (fo=1140, routed)        1.440    24.781    u_regFile/CLK
    SLICE_X29Y33         FDCE                                         r  u_regFile/regs_reg[7][26]/C
                         clock pessimism              0.260    25.041    
                         clock uncertainty           -0.035    25.006    
    SLICE_X29Y33         FDCE (Setup_fdce_C_D)       -0.067    24.939    u_regFile/regs_reg[7][26]
  -------------------------------------------------------------------
                         required time                         24.939    
                         arrival time                         -20.663    
  -------------------------------------------------------------------
                         slack                                  4.276    

Slack (MET) :             4.297ns  (required time - arrival time)
  Source:                 u_PC/PC_reg[0]/C
                            (rising edge-triggered cell FDRE clocked by clk  {rise@0.000ns fall@10.000ns period=20.000ns})
  Destination:            u_regFile/regs_reg[12][26]/D
                            (rising edge-triggered cell FDCE clocked by clk  {rise@0.000ns fall@10.000ns period=20.000ns})
  Path Group:             clk
  Path Type:              Setup (Max at Slow Process Corner)
  Requirement:            20.000ns  (clk rise@20.000ns - clk rise@0.000ns)
  Data Path Delay:        15.562ns  (logic 4.601ns (29.563%)  route 10.962ns (70.437%))
  Logic Levels:           16  (CARRY4=2 LUT2=1 LUT3=2 LUT4=1 LUT5=2 LUT6=4 MUXF7=2 MUXF8=1 RAMS64E=1)
  Clock Path Skew:        -0.038ns (DCD - SCD + CPR)
    Destination Clock Delay (DCD):    4.778ns = ( 24.778 - 20.000 ) 
    Source Clock Delay      (SCD):    5.076ns
    Clock Pessimism Removal (CPR):    0.260ns
  Clock Uncertainty:      0.035ns  ((TSJ^2 + TIJ^2)^1/2 + DJ) / 2 + PE
    Total System Jitter     (TSJ):    0.071ns
    Total Input Jitter      (TIJ):    0.000ns
    Discrete Jitter          (DJ):    0.000ns
    Phase Error              (PE):    0.000ns

    Location             Delay type                Incr(ns)  Path(ns)    Netlist Resource(s)
  -------------------------------------------------------------------    -------------------
                         (clock clk rise edge)        0.000     0.000 r  
    W5                                                0.000     0.000 r  clk (IN)
                         net (fo=0)                   0.000     0.000    clk
    W5                   IBUF (Prop_ibuf_I_O)         1.458     1.458 r  clk_IBUF_inst/O
                         net (fo=1, routed)           1.967     3.425    clk_IBUF
    BUFGCTRL_X0Y0        BUFG (Prop_bufg_I_O)         0.096     3.521 r  clk_IBUF_BUFG_inst/O
                         net (fo=1140, routed)        1.555     5.076    u_PC/clk_IBUF_BUFG
    SLICE_X8Y21          FDRE                                         r  u_PC/PC_reg[0]/C
  -------------------------------------------------------------------    -------------------
    SLICE_X8Y21          FDRE (Prop_fdre_C_Q)         0.518     5.594 r  u_PC/PC_reg[0]/Q
                         net (fo=64, routed)          0.960     6.555    u_PC/PC_reg[0]
    SLICE_X5Y21          LUT4 (Prop_lut4_I1_O)        0.153     6.708 r  u_PC/g0_b0__0_i_3/O
                         net (fo=16, routed)          1.140     7.848    u_PC/sel[3]
    SLICE_X6Y23          LUT6 (Prop_lut6_I3_O)        0.327     8.175 r  u_PC/g0_b0__0/O
                         net (fo=3, routed)           0.463     8.638    u_PC/g0_b0__0_n_0
    SLICE_X6Y23          LUT5 (Prop_lut5_I4_O)        0.124     8.762 r  u_PC/Branch_Target_carry__0_i_7/O
                         net (fo=88, routed)          1.259    10.021    u_regFile/memory_reg_0_255_24_24_i_4_1
    SLICE_X8Y13          LUT6 (Prop_lut6_I4_O)        0.124    10.145 f  u_regFile/memory_reg_0_255_3_3_i_7/O
                         net (fo=1, routed)           0.000    10.145    u_regFile/memory_reg_0_255_3_3_i_7_n_0
    SLICE_X8Y13          MUXF7 (Prop_muxf7_I0_O)      0.241    10.386 f  u_regFile/memory_reg_0_255_3_3_i_3/O
                         net (fo=1, routed)           0.835    11.221    u_regFile/memory_reg_0_255_3_3_i_3_n_0
    SLICE_X8Y15          LUT6 (Prop_lut6_I0_O)        0.298    11.519 f  u_regFile/memory_reg_0_255_3_3_i_2/O
                         net (fo=6, routed)           1.103    12.622    u_PC/ALUout2_carry_i_7_0
    SLICE_X7Y20          LUT3 (Prop_lut3_I2_O)        0.154    12.776 r  u_PC/memory_reg_0_255_0_0_i_39/O
                         net (fo=5, routed)           0.875    13.651    u_regFile/p_0_in__0[2]
    SLICE_X8Y23          LUT2 (Prop_lut2_I1_O)        0.327    13.978 r  u_regFile/memory_reg_0_255_0_0_i_112/O
                         net (fo=1, routed)           0.000    13.978    u_regFile/memory_reg_0_255_0_0_i_112_n_0
    SLICE_X8Y23          CARRY4 (Prop_carry4_S[3]_CO[3])
                                                      0.376    14.354 r  u_regFile/memory_reg_0_255_0_0_i_80/CO[3]
                         net (fo=1, routed)           0.000    14.354    u_regFile/memory_reg_0_255_0_0_i_80_n_0
    SLICE_X8Y24          CARRY4 (Prop_carry4_CI_O[0])
                                                      0.219    14.573 r  u_regFile/memory_reg_0_255_0_0_i_62/O[0]
                         net (fo=1, routed)           0.743    15.315    u_PC/data2[4]
    SLICE_X10Y23         LUT3 (Prop_lut3_I2_O)        0.321    15.636 r  u_PC/memory_reg_0_255_0_0_i_37/O
                         net (fo=1, routed)           0.452    16.089    u_PC/memory_reg_0_255_0_0_i_37_n_0
    SLICE_X10Y23         LUT6 (Prop_lut6_I4_O)        0.328    16.417 r  u_PC/memory_reg_0_255_0_0_i_8/O
                         net (fo=130, routed)         1.442    17.859    u_dataMem/memory_reg_0_255_26_26/A2
    SLICE_X14Y32         RAMS64E (Prop_rams64e_ADR2_O)
                                                      0.470    18.328 r  u_dataMem/memory_reg_0_255_26_26/RAMS64E_A/O
                         net (fo=1, routed)           0.000    18.328    u_dataMem/memory_reg_0_255_26_26/OA
    SLICE_X14Y32         MUXF7 (Prop_muxf7_I1_O)      0.214    18.542 r  u_dataMem/memory_reg_0_255_26_26/F7.A/O
                         net (fo=1, routed)           0.000    18.542    u_dataMem/memory_reg_0_255_26_26/O1
    SLICE_X14Y32         MUXF8 (Prop_muxf8_I1_O)      0.088    18.630 r  u_dataMem/memory_reg_0_255_26_26/F8/O
                         net (fo=1, routed)           0.504    19.134    u_PC/read_data0[26]
    SLICE_X15Y32         LUT5 (Prop_lut5_I0_O)        0.319    19.453 r  u_PC/regs[1][26]_i_1/O
                         net (fo=31, routed)          1.186    20.639    u_regFile/D[26]
    SLICE_X31Y32         FDCE                                         r  u_regFile/regs_reg[12][26]/D
  -------------------------------------------------------------------    -------------------

                         (clock clk rise edge)       20.000    20.000 r  
    W5                                                0.000    20.000 r  clk (IN)
                         net (fo=0)                   0.000    20.000    clk
    W5                   IBUF (Prop_ibuf_I_O)         1.388    21.388 r  clk_IBUF_inst/O
                         net (fo=1, routed)           1.862    23.250    clk_IBUF
    BUFGCTRL_X0Y0        BUFG (Prop_bufg_I_O)         0.091    23.341 r  clk_IBUF_BUFG_inst/O
                         net (fo=1140, routed)        1.437    24.778    u_regFile/CLK
    SLICE_X31Y32         FDCE                                         r  u_regFile/regs_reg[12][26]/C
                         clock pessimism              0.260    25.038    
                         clock uncertainty           -0.035    25.003    
    SLICE_X31Y32         FDCE (Setup_fdce_C_D)       -0.067    24.936    u_regFile/regs_reg[12][26]
  -------------------------------------------------------------------
                         required time                         24.936    
                         arrival time                         -20.639    
  -------------------------------------------------------------------
                         slack                                  4.297    

Slack (MET) :             4.315ns  (required time - arrival time)
  Source:                 u_PC/PC_reg[0]/C
                            (rising edge-triggered cell FDRE clocked by clk  {rise@0.000ns fall@10.000ns period=20.000ns})
  Destination:            u_regFile/regs_reg[25][2]/D
                            (rising edge-triggered cell FDCE clocked by clk  {rise@0.000ns fall@10.000ns period=20.000ns})
  Path Group:             clk
  Path Type:              Setup (Max at Slow Process Corner)
  Requirement:            20.000ns  (clk rise@20.000ns - clk rise@0.000ns)
  Data Path Delay:        15.574ns  (logic 4.041ns (25.947%)  route 11.533ns (74.053%))
  Logic Levels:           15  (CARRY4=3 LUT2=1 LUT3=3 LUT4=1 LUT5=1 LUT6=5 MUXF7=1)
  Clock Path Skew:        -0.030ns (DCD - SCD + CPR)
    Destination Clock Delay (DCD):    4.786ns = ( 24.786 - 20.000 ) 
    Source Clock Delay      (SCD):    5.076ns
    Clock Pessimism Removal (CPR):    0.260ns
  Clock Uncertainty:      0.035ns  ((TSJ^2 + TIJ^2)^1/2 + DJ) / 2 + PE
    Total System Jitter     (TSJ):    0.071ns
    Total Input Jitter      (TIJ):    0.000ns
    Discrete Jitter          (DJ):    0.000ns
    Phase Error              (PE):    0.000ns

    Location             Delay type                Incr(ns)  Path(ns)    Netlist Resource(s)
  -------------------------------------------------------------------    -------------------
                         (clock clk rise edge)        0.000     0.000 r  
    W5                                                0.000     0.000 r  clk (IN)
                         net (fo=0)                   0.000     0.000    clk
    W5                   IBUF (Prop_ibuf_I_O)         1.458     1.458 r  clk_IBUF_inst/O
                         net (fo=1, routed)           1.967     3.425    clk_IBUF
    BUFGCTRL_X0Y0        BUFG (Prop_bufg_I_O)         0.096     3.521 r  clk_IBUF_BUFG_inst/O
                         net (fo=1140, routed)        1.555     5.076    u_PC/clk_IBUF_BUFG
    SLICE_X8Y21          FDRE                                         r  u_PC/PC_reg[0]/C
  -------------------------------------------------------------------    -------------------
    SLICE_X8Y21          FDRE (Prop_fdre_C_Q)         0.518     5.594 r  u_PC/PC_reg[0]/Q
                         net (fo=64, routed)          0.960     6.555    u_PC/PC_reg[0]
    SLICE_X5Y21          LUT4 (Prop_lut4_I1_O)        0.153     6.708 r  u_PC/g0_b0__0_i_3/O
                         net (fo=16, routed)          1.140     7.848    u_PC/sel[3]
    SLICE_X6Y23          LUT6 (Prop_lut6_I3_O)        0.327     8.175 r  u_PC/g0_b0__0/O
                         net (fo=3, routed)           0.463     8.638    u_PC/g0_b0__0_n_0
    SLICE_X6Y23          LUT5 (Prop_lut5_I4_O)        0.124     8.762 r  u_PC/Branch_Target_carry__0_i_7/O
                         net (fo=88, routed)          1.259    10.021    u_regFile/memory_reg_0_255_24_24_i_4_1
    SLICE_X8Y13          LUT6 (Prop_lut6_I4_O)        0.124    10.145 f  u_regFile/memory_reg_0_255_3_3_i_7/O
                         net (fo=1, routed)           0.000    10.145    u_regFile/memory_reg_0_255_3_3_i_7_n_0
    SLICE_X8Y13          MUXF7 (Prop_muxf7_I0_O)      0.241    10.386 f  u_regFile/memory_reg_0_255_3_3_i_3/O
                         net (fo=1, routed)           0.835    11.221    u_regFile/memory_reg_0_255_3_3_i_3_n_0
    SLICE_X8Y15          LUT6 (Prop_lut6_I0_O)        0.298    11.519 f  u_regFile/memory_reg_0_255_3_3_i_2/O
                         net (fo=6, routed)           1.103    12.622    u_PC/ALUout2_carry_i_7_0
    SLICE_X7Y20          LUT3 (Prop_lut3_I2_O)        0.154    12.776 r  u_PC/memory_reg_0_255_0_0_i_39/O
                         net (fo=5, routed)           0.875    13.651    u_regFile/p_0_in__0[2]
    SLICE_X8Y23          LUT2 (Prop_lut2_I1_O)        0.327    13.978 r  u_regFile/memory_reg_0_255_0_0_i_112/O
                         net (fo=1, routed)           0.000    13.978    u_regFile/memory_reg_0_255_0_0_i_112_n_0
    SLICE_X8Y23          CARRY4 (Prop_carry4_S[3]_CO[3])
                                                      0.376    14.354 r  u_regFile/memory_reg_0_255_0_0_i_80/CO[3]
                         net (fo=1, routed)           0.000    14.354    u_regFile/memory_reg_0_255_0_0_i_80_n_0
    SLICE_X8Y24          CARRY4 (Prop_carry4_CI_CO[3])
                                                      0.117    14.471 r  u_regFile/memory_reg_0_255_0_0_i_62/CO[3]
                         net (fo=1, routed)           0.009    14.480    u_regFile/memory_reg_0_255_0_0_i_62_n_0
    SLICE_X8Y25          CARRY4 (Prop_carry4_CI_O[0])
                                                      0.219    14.699 f  u_regFile/memory_reg_0_255_0_0_i_55/O[0]
                         net (fo=2, routed)           0.571    15.270    u_PC/data2[8]
    SLICE_X10Y25         LUT3 (Prop_lut3_I1_O)        0.288    15.558 f  u_PC/memory_reg_0_255_0_0_i_23/O
                         net (fo=1, routed)           0.505    16.063    u_PC/memory_reg_0_255_0_0_i_23_n_0
    SLICE_X10Y25         LUT6 (Prop_lut6_I1_O)        0.331    16.394 f  u_PC/memory_reg_0_255_0_0_i_4/O
                         net (fo=197, routed)         1.102    17.496    u_PC/A[6]
    SLICE_X7Y31          LUT3 (Prop_lut3_I2_O)        0.118    17.614 r  u_PC/regs[1][31]_i_10/O
                         net (fo=32, routed)          1.640    19.254    u_PC/SwitchReadEnable
    SLICE_X9Y17          LUT6 (Prop_lut6_I1_O)        0.326    19.580 r  u_PC/regs[1][2]_i_1/O
                         net (fo=31, routed)          1.070    20.650    u_regFile/D[2]
    SLICE_X14Y14         FDCE                                         r  u_regFile/regs_reg[25][2]/D
  -------------------------------------------------------------------    -------------------

                         (clock clk rise edge)       20.000    20.000 r  
    W5                                                0.000    20.000 r  clk (IN)
                         net (fo=0)                   0.000    20.000    clk
    W5                   IBUF (Prop_ibuf_I_O)         1.388    21.388 r  clk_IBUF_inst/O
                         net (fo=1, routed)           1.862    23.250    clk_IBUF
    BUFGCTRL_X0Y0        BUFG (Prop_bufg_I_O)         0.091    23.341 r  clk_IBUF_BUFG_inst/O
                         net (fo=1140, routed)        1.445    24.786    u_regFile/CLK
    SLICE_X14Y14         FDCE                                         r  u_regFile/regs_reg[25][2]/C
                         clock pessimism              0.260    25.046    
                         clock uncertainty           -0.035    25.011    
    SLICE_X14Y14         FDCE (Setup_fdce_C_D)       -0.045    24.966    u_regFile/regs_reg[25][2]
  -------------------------------------------------------------------
                         required time                         24.966    
                         arrival time                         -20.650    
  -------------------------------------------------------------------
                         slack                                  4.315    

Slack (MET) :             4.322ns  (required time - arrival time)
  Source:                 u_PC/PC_reg[0]/C
                            (rising edge-triggered cell FDRE clocked by clk  {rise@0.000ns fall@10.000ns period=20.000ns})
  Destination:            u_regFile/regs_reg[31][2]/D
                            (rising edge-triggered cell FDCE clocked by clk  {rise@0.000ns fall@10.000ns period=20.000ns})
  Path Group:             clk
  Path Type:              Setup (Max at Slow Process Corner)
  Requirement:            20.000ns  (clk rise@20.000ns - clk rise@0.000ns)
  Data Path Delay:        15.529ns  (logic 4.041ns (26.022%)  route 11.488ns (73.978%))
  Logic Levels:           15  (CARRY4=3 LUT2=1 LUT3=3 LUT4=1 LUT5=1 LUT6=5 MUXF7=1)
  Clock Path Skew:        -0.032ns (DCD - SCD + CPR)
    Destination Clock Delay (DCD):    4.784ns = ( 24.784 - 20.000 ) 
    Source Clock Delay      (SCD):    5.076ns
    Clock Pessimism Removal (CPR):    0.260ns
  Clock Uncertainty:      0.035ns  ((TSJ^2 + TIJ^2)^1/2 + DJ) / 2 + PE
    Total System Jitter     (TSJ):    0.071ns
    Total Input Jitter      (TIJ):    0.000ns
    Discrete Jitter          (DJ):    0.000ns
    Phase Error              (PE):    0.000ns

    Location             Delay type                Incr(ns)  Path(ns)    Netlist Resource(s)
  -------------------------------------------------------------------    -------------------
                         (clock clk rise edge)        0.000     0.000 r  
    W5                                                0.000     0.000 r  clk (IN)
                         net (fo=0)                   0.000     0.000    clk
    W5                   IBUF (Prop_ibuf_I_O)         1.458     1.458 r  clk_IBUF_inst/O
                         net (fo=1, routed)           1.967     3.425    clk_IBUF
    BUFGCTRL_X0Y0        BUFG (Prop_bufg_I_O)         0.096     3.521 r  clk_IBUF_BUFG_inst/O
                         net (fo=1140, routed)        1.555     5.076    u_PC/clk_IBUF_BUFG
    SLICE_X8Y21          FDRE                                         r  u_PC/PC_reg[0]/C
  -------------------------------------------------------------------    -------------------
    SLICE_X8Y21          FDRE (Prop_fdre_C_Q)         0.518     5.594 r  u_PC/PC_reg[0]/Q
                         net (fo=64, routed)          0.960     6.555    u_PC/PC_reg[0]
    SLICE_X5Y21          LUT4 (Prop_lut4_I1_O)        0.153     6.708 r  u_PC/g0_b0__0_i_3/O
                         net (fo=16, routed)          1.140     7.848    u_PC/sel[3]
    SLICE_X6Y23          LUT6 (Prop_lut6_I3_O)        0.327     8.175 r  u_PC/g0_b0__0/O
                         net (fo=3, routed)           0.463     8.638    u_PC/g0_b0__0_n_0
    SLICE_X6Y23          LUT5 (Prop_lut5_I4_O)        0.124     8.762 r  u_PC/Branch_Target_carry__0_i_7/O
                         net (fo=88, routed)          1.259    10.021    u_regFile/memory_reg_0_255_24_24_i_4_1
    SLICE_X8Y13          LUT6 (Prop_lut6_I4_O)        0.124    10.145 f  u_regFile/memory_reg_0_255_3_3_i_7/O
                         net (fo=1, routed)           0.000    10.145    u_regFile/memory_reg_0_255_3_3_i_7_n_0
    SLICE_X8Y13          MUXF7 (Prop_muxf7_I0_O)      0.241    10.386 f  u_regFile/memory_reg_0_255_3_3_i_3/O
                         net (fo=1, routed)           0.835    11.221    u_regFile/memory_reg_0_255_3_3_i_3_n_0
    SLICE_X8Y15          LUT6 (Prop_lut6_I0_O)        0.298    11.519 f  u_regFile/memory_reg_0_255_3_3_i_2/O
                         net (fo=6, routed)           1.103    12.622    u_PC/ALUout2_carry_i_7_0
    SLICE_X7Y20          LUT3 (Prop_lut3_I2_O)        0.154    12.776 r  u_PC/memory_reg_0_255_0_0_i_39/O
                         net (fo=5, routed)           0.875    13.651    u_regFile/p_0_in__0[2]
    SLICE_X8Y23          LUT2 (Prop_lut2_I1_O)        0.327    13.978 r  u_regFile/memory_reg_0_255_0_0_i_112/O
                         net (fo=1, routed)           0.000    13.978    u_regFile/memory_reg_0_255_0_0_i_112_n_0
    SLICE_X8Y23          CARRY4 (Prop_carry4_S[3]_CO[3])
                                                      0.376    14.354 r  u_regFile/memory_reg_0_255_0_0_i_80/CO[3]
                         net (fo=1, routed)           0.000    14.354    u_regFile/memory_reg_0_255_0_0_i_80_n_0
    SLICE_X8Y24          CARRY4 (Prop_carry4_CI_CO[3])
                                                      0.117    14.471 r  u_regFile/memory_reg_0_255_0_0_i_62/CO[3]
                         net (fo=1, routed)           0.009    14.480    u_regFile/memory_reg_0_255_0_0_i_62_n_0
    SLICE_X8Y25          CARRY4 (Prop_carry4_CI_O[0])
                                                      0.219    14.699 f  u_regFile/memory_reg_0_255_0_0_i_55/O[0]
                         net (fo=2, routed)           0.571    15.270    u_PC/data2[8]
    SLICE_X10Y25         LUT3 (Prop_lut3_I1_O)        0.288    15.558 f  u_PC/memory_reg_0_255_0_0_i_23/O
                         net (fo=1, routed)           0.505    16.063    u_PC/memory_reg_0_255_0_0_i_23_n_0
    SLICE_X10Y25         LUT6 (Prop_lut6_I1_O)        0.331    16.394 f  u_PC/memory_reg_0_255_0_0_i_4/O
                         net (fo=197, routed)         1.102    17.496    u_PC/A[6]
    SLICE_X7Y31          LUT3 (Prop_lut3_I2_O)        0.118    17.614 r  u_PC/regs[1][31]_i_10/O
                         net (fo=32, routed)          1.640    19.254    u_PC/SwitchReadEnable
    SLICE_X9Y17          LUT6 (Prop_lut6_I1_O)        0.326    19.580 r  u_PC/regs[1][2]_i_1/O
                         net (fo=31, routed)          1.026    20.605    u_regFile/D[2]
    SLICE_X15Y16         FDCE                                         r  u_regFile/regs_reg[31][2]/D
  -------------------------------------------------------------------    -------------------

                         (clock clk rise edge)       20.000    20.000 r  
    W5                                                0.000    20.000 r  clk (IN)
                         net (fo=0)                   0.000    20.000    clk
    W5                   IBUF (Prop_ibuf_I_O)         1.388    21.388 r  clk_IBUF_inst/O
                         net (fo=1, routed)           1.862    23.250    clk_IBUF
    BUFGCTRL_X0Y0        BUFG (Prop_bufg_I_O)         0.091    23.341 r  clk_IBUF_BUFG_inst/O
                         net (fo=1140, routed)        1.443    24.784    u_regFile/CLK
    SLICE_X15Y16         FDCE                                         r  u_regFile/regs_reg[31][2]/C
                         clock pessimism              0.260    25.044    
                         clock uncertainty           -0.035    25.009    
    SLICE_X15Y16         FDCE (Setup_fdce_C_D)       -0.081    24.928    u_regFile/regs_reg[31][2]
  -------------------------------------------------------------------
                         required time                         24.928    
                         arrival time                         -20.606    
  -------------------------------------------------------------------
                         slack                                  4.322    

Slack (MET) :             4.340ns  (required time - arrival time)
  Source:                 u_PC/PC_reg[0]/C
                            (rising edge-triggered cell FDRE clocked by clk  {rise@0.000ns fall@10.000ns period=20.000ns})
  Destination:            u_regFile/regs_reg[29][9]/D
                            (rising edge-triggered cell FDCE clocked by clk  {rise@0.000ns fall@10.000ns period=20.000ns})
  Path Group:             clk
  Path Type:              Setup (Max at Slow Process Corner)
  Requirement:            20.000ns  (clk rise@20.000ns - clk rise@0.000ns)
  Data Path Delay:        15.548ns  (logic 4.041ns (25.991%)  route 11.507ns (74.009%))
  Logic Levels:           15  (CARRY4=3 LUT2=1 LUT3=3 LUT4=1 LUT5=2 LUT6=4 MUXF7=1)
  Clock Path Skew:        -0.030ns (DCD - SCD + CPR)
    Destination Clock Delay (DCD):    4.786ns = ( 24.786 - 20.000 ) 
    Source Clock Delay      (SCD):    5.076ns
    Clock Pessimism Removal (CPR):    0.260ns
  Clock Uncertainty:      0.035ns  ((TSJ^2 + TIJ^2)^1/2 + DJ) / 2 + PE
    Total System Jitter     (TSJ):    0.071ns
    Total Input Jitter      (TIJ):    0.000ns
    Discrete Jitter          (DJ):    0.000ns
    Phase Error              (PE):    0.000ns

    Location             Delay type                Incr(ns)  Path(ns)    Netlist Resource(s)
  -------------------------------------------------------------------    -------------------
                         (clock clk rise edge)        0.000     0.000 r  
    W5                                                0.000     0.000 r  clk (IN)
                         net (fo=0)                   0.000     0.000    clk
    W5                   IBUF (Prop_ibuf_I_O)         1.458     1.458 r  clk_IBUF_inst/O
                         net (fo=1, routed)           1.967     3.425    clk_IBUF
    BUFGCTRL_X0Y0        BUFG (Prop_bufg_I_O)         0.096     3.521 r  clk_IBUF_BUFG_inst/O
                         net (fo=1140, routed)        1.555     5.076    u_PC/clk_IBUF_BUFG
    SLICE_X8Y21          FDRE                                         r  u_PC/PC_reg[0]/C
  -------------------------------------------------------------------    -------------------
    SLICE_X8Y21          FDRE (Prop_fdre_C_Q)         0.518     5.594 r  u_PC/PC_reg[0]/Q
                         net (fo=64, routed)          0.960     6.555    u_PC/PC_reg[0]
    SLICE_X5Y21          LUT4 (Prop_lut4_I1_O)        0.153     6.708 r  u_PC/g0_b0__0_i_3/O
                         net (fo=16, routed)          1.140     7.848    u_PC/sel[3]
    SLICE_X6Y23          LUT6 (Prop_lut6_I3_O)        0.327     8.175 r  u_PC/g0_b0__0/O
                         net (fo=3, routed)           0.463     8.638    u_PC/g0_b0__0_n_0
    SLICE_X6Y23          LUT5 (Prop_lut5_I4_O)        0.124     8.762 r  u_PC/Branch_Target_carry__0_i_7/O
                         net (fo=88, routed)          1.259    10.021    u_regFile/memory_reg_0_255_24_24_i_4_1
    SLICE_X8Y13          LUT6 (Prop_lut6_I4_O)        0.124    10.145 f  u_regFile/memory_reg_0_255_3_3_i_7/O
                         net (fo=1, routed)           0.000    10.145    u_regFile/memory_reg_0_255_3_3_i_7_n_0
    SLICE_X8Y13          MUXF7 (Prop_muxf7_I0_O)      0.241    10.386 f  u_regFile/memory_reg_0_255_3_3_i_3/O
                         net (fo=1, routed)           0.835    11.221    u_regFile/memory_reg_0_255_3_3_i_3_n_0
    SLICE_X8Y15          LUT6 (Prop_lut6_I0_O)        0.298    11.519 f  u_regFile/memory_reg_0_255_3_3_i_2/O
                         net (fo=6, routed)           1.103    12.622    u_PC/ALUout2_carry_i_7_0
    SLICE_X7Y20          LUT3 (Prop_lut3_I2_O)        0.154    12.776 r  u_PC/memory_reg_0_255_0_0_i_39/O
                         net (fo=5, routed)           0.875    13.651    u_regFile/p_0_in__0[2]
    SLICE_X8Y23          LUT2 (Prop_lut2_I1_O)        0.327    13.978 r  u_regFile/memory_reg_0_255_0_0_i_112/O
                         net (fo=1, routed)           0.000    13.978    u_regFile/memory_reg_0_255_0_0_i_112_n_0
    SLICE_X8Y23          CARRY4 (Prop_carry4_S[3]_CO[3])
                                                      0.376    14.354 r  u_regFile/memory_reg_0_255_0_0_i_80/CO[3]
                         net (fo=1, routed)           0.000    14.354    u_regFile/memory_reg_0_255_0_0_i_80_n_0
    SLICE_X8Y24          CARRY4 (Prop_carry4_CI_CO[3])
                                                      0.117    14.471 r  u_regFile/memory_reg_0_255_0_0_i_62/CO[3]
                         net (fo=1, routed)           0.009    14.480    u_regFile/memory_reg_0_255_0_0_i_62_n_0
    SLICE_X8Y25          CARRY4 (Prop_carry4_CI_O[0])
                                                      0.219    14.699 r  u_regFile/memory_reg_0_255_0_0_i_55/O[0]
                         net (fo=2, routed)           0.571    15.270    u_PC/data2[8]
    SLICE_X10Y25         LUT3 (Prop_lut3_I1_O)        0.288    15.558 r  u_PC/memory_reg_0_255_0_0_i_23/O
                         net (fo=1, routed)           0.505    16.063    u_PC/memory_reg_0_255_0_0_i_23_n_0
    SLICE_X10Y25         LUT6 (Prop_lut6_I1_O)        0.331    16.394 r  u_PC/memory_reg_0_255_0_0_i_4/O
                         net (fo=197, routed)         1.102    17.496    u_PC/A[6]
    SLICE_X7Y31          LUT3 (Prop_lut3_I2_O)        0.118    17.614 f  u_PC/regs[1][31]_i_10/O
                         net (fo=32, routed)          1.764    19.378    u_PC/SwitchReadEnable
    SLICE_X12Y18         LUT5 (Prop_lut5_I2_O)        0.326    19.704 r  u_PC/regs[1][9]_i_1/O
                         net (fo=31, routed)          0.920    20.624    u_regFile/D[9]
    SLICE_X13Y14         FDCE                                         r  u_regFile/regs_reg[29][9]/D
  -------------------------------------------------------------------    -------------------

                         (clock clk rise edge)       20.000    20.000 r  
    W5                                                0.000    20.000 r  clk (IN)
                         net (fo=0)                   0.000    20.000    clk
    W5                   IBUF (Prop_ibuf_I_O)         1.388    21.388 r  clk_IBUF_inst/O
                         net (fo=1, routed)           1.862    23.250    clk_IBUF
    BUFGCTRL_X0Y0        BUFG (Prop_bufg_I_O)         0.091    23.341 r  clk_IBUF_BUFG_inst/O
                         net (fo=1140, routed)        1.445    24.786    u_regFile/CLK
    SLICE_X13Y14         FDCE                                         r  u_regFile/regs_reg[29][9]/C
                         clock pessimism              0.260    25.046    
                         clock uncertainty           -0.035    25.011    
    SLICE_X13Y14         FDCE (Setup_fdce_C_D)       -0.047    24.964    u_regFile/regs_reg[29][9]
  -------------------------------------------------------------------
                         required time                         24.964    
                         arrival time                         -20.624    
  -------------------------------------------------------------------
                         slack                                  4.340    

Slack (MET) :             4.345ns  (required time - arrival time)
  Source:                 u_PC/PC_reg[0]/C
                            (rising edge-triggered cell FDRE clocked by clk  {rise@0.000ns fall@10.000ns period=20.000ns})
  Destination:            u_regFile/regs_reg[28][26]/D
                            (rising edge-triggered cell FDCE clocked by clk  {rise@0.000ns fall@10.000ns period=20.000ns})
  Path Group:             clk
  Path Type:              Setup (Max at Slow Process Corner)
  Requirement:            20.000ns  (clk rise@20.000ns - clk rise@0.000ns)
  Data Path Delay:        15.551ns  (logic 4.601ns (29.584%)  route 10.951ns (70.416%))
  Logic Levels:           16  (CARRY4=2 LUT2=1 LUT3=2 LUT4=1 LUT5=2 LUT6=4 MUXF7=2 MUXF8=1 RAMS64E=1)
  Clock Path Skew:        -0.037ns (DCD - SCD + CPR)
    Destination Clock Delay (DCD):    4.779ns = ( 24.779 - 20.000 ) 
    Source Clock Delay      (SCD):    5.076ns
    Clock Pessimism Removal (CPR):    0.260ns
  Clock Uncertainty:      0.035ns  ((TSJ^2 + TIJ^2)^1/2 + DJ) / 2 + PE
    Total System Jitter     (TSJ):    0.071ns
    Total Input Jitter      (TIJ):    0.000ns
    Discrete Jitter          (DJ):    0.000ns
    Phase Error              (PE):    0.000ns

    Location             Delay type                Incr(ns)  Path(ns)    Netlist Resource(s)
  -------------------------------------------------------------------    -------------------
                         (clock clk rise edge)        0.000     0.000 r  
    W5                                                0.000     0.000 r  clk (IN)
                         net (fo=0)                   0.000     0.000    clk
    W5                   IBUF (Prop_ibuf_I_O)         1.458     1.458 r  clk_IBUF_inst/O
                         net (fo=1, routed)           1.967     3.425    clk_IBUF
    BUFGCTRL_X0Y0        BUFG (Prop_bufg_I_O)         0.096     3.521 r  clk_IBUF_BUFG_inst/O
                         net (fo=1140, routed)        1.555     5.076    u_PC/clk_IBUF_BUFG
    SLICE_X8Y21          FDRE                                         r  u_PC/PC_reg[0]/C
  -------------------------------------------------------------------    -------------------
    SLICE_X8Y21          FDRE (Prop_fdre_C_Q)         0.518     5.594 r  u_PC/PC_reg[0]/Q
                         net (fo=64, routed)          0.960     6.555    u_PC/PC_reg[0]
    SLICE_X5Y21          LUT4 (Prop_lut4_I1_O)        0.153     6.708 r  u_PC/g0_b0__0_i_3/O
                         net (fo=16, routed)          1.140     7.848    u_PC/sel[3]
    SLICE_X6Y23          LUT6 (Prop_lut6_I3_O)        0.327     8.175 r  u_PC/g0_b0__0/O
                         net (fo=3, routed)           0.463     8.638    u_PC/g0_b0__0_n_0
    SLICE_X6Y23          LUT5 (Prop_lut5_I4_O)        0.124     8.762 r  u_PC/Branch_Target_carry__0_i_7/O
                         net (fo=88, routed)          1.259    10.021    u_regFile/memory_reg_0_255_24_24_i_4_1
    SLICE_X8Y13          LUT6 (Prop_lut6_I4_O)        0.124    10.145 f  u_regFile/memory_reg_0_255_3_3_i_7/O
                         net (fo=1, routed)           0.000    10.145    u_regFile/memory_reg_0_255_3_3_i_7_n_0
    SLICE_X8Y13          MUXF7 (Prop_muxf7_I0_O)      0.241    10.386 f  u_regFile/memory_reg_0_255_3_3_i_3/O
                         net (fo=1, routed)           0.835    11.221    u_regFile/memory_reg_0_255_3_3_i_3_n_0
    SLICE_X8Y15          LUT6 (Prop_lut6_I0_O)        0.298    11.519 f  u_regFile/memory_reg_0_255_3_3_i_2/O
                         net (fo=6, routed)           1.103    12.622    u_PC/ALUout2_carry_i_7_0
    SLICE_X7Y20          LUT3 (Prop_lut3_I2_O)        0.154    12.776 r  u_PC/memory_reg_0_255_0_0_i_39/O
                         net (fo=5, routed)           0.875    13.651    u_regFile/p_0_in__0[2]
    SLICE_X8Y23          LUT2 (Prop_lut2_I1_O)        0.327    13.978 r  u_regFile/memory_reg_0_255_0_0_i_112/O
                         net (fo=1, routed)           0.000    13.978    u_regFile/memory_reg_0_255_0_0_i_112_n_0
    SLICE_X8Y23          CARRY4 (Prop_carry4_S[3]_CO[3])
                                                      0.376    14.354 r  u_regFile/memory_reg_0_255_0_0_i_80/CO[3]
                         net (fo=1, routed)           0.000    14.354    u_regFile/memory_reg_0_255_0_0_i_80_n_0
    SLICE_X8Y24          CARRY4 (Prop_carry4_CI_O[0])
                                                      0.219    14.573 r  u_regFile/memory_reg_0_255_0_0_i_62/O[0]
                         net (fo=1, routed)           0.743    15.315    u_PC/data2[4]
    SLICE_X10Y23         LUT3 (Prop_lut3_I2_O)        0.321    15.636 r  u_PC/memory_reg_0_255_0_0_i_37/O
                         net (fo=1, routed)           0.452    16.089    u_PC/memory_reg_0_255_0_0_i_37_n_0
    SLICE_X10Y23         LUT6 (Prop_lut6_I4_O)        0.328    16.417 r  u_PC/memory_reg_0_255_0_0_i_8/O
                         net (fo=130, routed)         1.442    17.859    u_dataMem/memory_reg_0_255_26_26/A2
    SLICE_X14Y32         RAMS64E (Prop_rams64e_ADR2_O)
                                                      0.470    18.328 r  u_dataMem/memory_reg_0_255_26_26/RAMS64E_A/O
                         net (fo=1, routed)           0.000    18.328    u_dataMem/memory_reg_0_255_26_26/OA
    SLICE_X14Y32         MUXF7 (Prop_muxf7_I1_O)      0.214    18.542 r  u_dataMem/memory_reg_0_255_26_26/F7.A/O
                         net (fo=1, routed)           0.000    18.542    u_dataMem/memory_reg_0_255_26_26/O1
    SLICE_X14Y32         MUXF8 (Prop_muxf8_I1_O)      0.088    18.630 r  u_dataMem/memory_reg_0_255_26_26/F8/O
                         net (fo=1, routed)           0.504    19.134    u_PC/read_data0[26]
    SLICE_X15Y32         LUT5 (Prop_lut5_I0_O)        0.319    19.453 r  u_PC/regs[1][26]_i_1/O
                         net (fo=31, routed)          1.175    20.628    u_regFile/D[26]
    SLICE_X30Y33         FDCE                                         r  u_regFile/regs_reg[28][26]/D
  -------------------------------------------------------------------    -------------------

                         (clock clk rise edge)       20.000    20.000 r  
    W5                                                0.000    20.000 r  clk (IN)
                         net (fo=0)                   0.000    20.000    clk
    W5                   IBUF (Prop_ibuf_I_O)         1.388    21.388 r  clk_IBUF_inst/O
                         net (fo=1, routed)           1.862    23.250    clk_IBUF
    BUFGCTRL_X0Y0        BUFG (Prop_bufg_I_O)         0.091    23.341 r  clk_IBUF_BUFG_inst/O
                         net (fo=1140, routed)        1.438    24.779    u_regFile/CLK
    SLICE_X30Y33         FDCE                                         r  u_regFile/regs_reg[28][26]/C
                         clock pessimism              0.260    25.039    
                         clock uncertainty           -0.035    25.004    
    SLICE_X30Y33         FDCE (Setup_fdce_C_D)       -0.031    24.973    u_regFile/regs_reg[28][26]
  -------------------------------------------------------------------
                         required time                         24.973    
                         arrival time                         -20.628    
  -------------------------------------------------------------------
                         slack                                  4.345    

Slack (MET) :             4.347ns  (required time - arrival time)
  Source:                 u_PC/PC_reg[0]/C
                            (rising edge-triggered cell FDRE clocked by clk  {rise@0.000ns fall@10.000ns period=20.000ns})
  Destination:            u_regFile/regs_reg[16][26]/D
                            (rising edge-triggered cell FDCE clocked by clk  {rise@0.000ns fall@10.000ns period=20.000ns})
  Path Group:             clk
  Path Type:              Setup (Max at Slow Process Corner)
  Requirement:            20.000ns  (clk rise@20.000ns - clk rise@0.000ns)
  Data Path Delay:        15.535ns  (logic 4.601ns (29.615%)  route 10.934ns (70.385%))
  Logic Levels:           16  (CARRY4=2 LUT2=1 LUT3=2 LUT4=1 LUT5=2 LUT6=4 MUXF7=2 MUXF8=1 RAMS64E=1)
  Clock Path Skew:        -0.038ns (DCD - SCD + CPR)
    Destination Clock Delay (DCD):    4.778ns = ( 24.778 - 20.000 ) 
    Source Clock Delay      (SCD):    5.076ns
    Clock Pessimism Removal (CPR):    0.260ns
  Clock Uncertainty:      0.035ns  ((TSJ^2 + TIJ^2)^1/2 + DJ) / 2 + PE
    Total System Jitter     (TSJ):    0.071ns
    Total Input Jitter      (TIJ):    0.000ns
    Discrete Jitter          (DJ):    0.000ns
    Phase Error              (PE):    0.000ns

    Location             Delay type                Incr(ns)  Path(ns)    Netlist Resource(s)
  -------------------------------------------------------------------    -------------------
                         (clock clk rise edge)        0.000     0.000 r  
    W5                                                0.000     0.000 r  clk (IN)
                         net (fo=0)                   0.000     0.000    clk
    W5                   IBUF (Prop_ibuf_I_O)         1.458     1.458 r  clk_IBUF_inst/O
                         net (fo=1, routed)           1.967     3.425    clk_IBUF
    BUFGCTRL_X0Y0        BUFG (Prop_bufg_I_O)         0.096     3.521 r  clk_IBUF_BUFG_inst/O
                         net (fo=1140, routed)        1.555     5.076    u_PC/clk_IBUF_BUFG
    SLICE_X8Y21          FDRE                                         r  u_PC/PC_reg[0]/C
  -------------------------------------------------------------------    -------------------
    SLICE_X8Y21          FDRE (Prop_fdre_C_Q)         0.518     5.594 r  u_PC/PC_reg[0]/Q
                         net (fo=64, routed)          0.960     6.555    u_PC/PC_reg[0]
    SLICE_X5Y21          LUT4 (Prop_lut4_I1_O)        0.153     6.708 r  u_PC/g0_b0__0_i_3/O
                         net (fo=16, routed)          1.140     7.848    u_PC/sel[3]
    SLICE_X6Y23          LUT6 (Prop_lut6_I3_O)        0.327     8.175 r  u_PC/g0_b0__0/O
                         net (fo=3, routed)           0.463     8.638    u_PC/g0_b0__0_n_0
    SLICE_X6Y23          LUT5 (Prop_lut5_I4_O)        0.124     8.762 r  u_PC/Branch_Target_carry__0_i_7/O
                         net (fo=88, routed)          1.259    10.021    u_regFile/memory_reg_0_255_24_24_i_4_1
    SLICE_X8Y13          LUT6 (Prop_lut6_I4_O)        0.124    10.145 f  u_regFile/memory_reg_0_255_3_3_i_7/O
                         net (fo=1, routed)           0.000    10.145    u_regFile/memory_reg_0_255_3_3_i_7_n_0
    SLICE_X8Y13          MUXF7 (Prop_muxf7_I0_O)      0.241    10.386 f  u_regFile/memory_reg_0_255_3_3_i_3/O
                         net (fo=1, routed)           0.835    11.221    u_regFile/memory_reg_0_255_3_3_i_3_n_0
    SLICE_X8Y15          LUT6 (Prop_lut6_I0_O)        0.298    11.519 f  u_regFile/memory_reg_0_255_3_3_i_2/O
                         net (fo=6, routed)           1.103    12.622    u_PC/ALUout2_carry_i_7_0
    SLICE_X7Y20          LUT3 (Prop_lut3_I2_O)        0.154    12.776 r  u_PC/memory_reg_0_255_0_0_i_39/O
                         net (fo=5, routed)           0.875    13.651    u_regFile/p_0_in__0[2]
    SLICE_X8Y23          LUT2 (Prop_lut2_I1_O)        0.327    13.978 r  u_regFile/memory_reg_0_255_0_0_i_112/O
                         net (fo=1, routed)           0.000    13.978    u_regFile/memory_reg_0_255_0_0_i_112_n_0
    SLICE_X8Y23          CARRY4 (Prop_carry4_S[3]_CO[3])
                                                      0.376    14.354 r  u_regFile/memory_reg_0_255_0_0_i_80/CO[3]
                         net (fo=1, routed)           0.000    14.354    u_regFile/memory_reg_0_255_0_0_i_80_n_0
    SLICE_X8Y24          CARRY4 (Prop_carry4_CI_O[0])
                                                      0.219    14.573 r  u_regFile/memory_reg_0_255_0_0_i_62/O[0]
                         net (fo=1, routed)           0.743    15.315    u_PC/data2[4]
    SLICE_X10Y23         LUT3 (Prop_lut3_I2_O)        0.321    15.636 r  u_PC/memory_reg_0_255_0_0_i_37/O
                         net (fo=1, routed)           0.452    16.089    u_PC/memory_reg_0_255_0_0_i_37_n_0
    SLICE_X10Y23         LUT6 (Prop_lut6_I4_O)        0.328    16.417 r  u_PC/memory_reg_0_255_0_0_i_8/O
                         net (fo=130, routed)         1.442    17.859    u_dataMem/memory_reg_0_255_26_26/A2
    SLICE_X14Y32         RAMS64E (Prop_rams64e_ADR2_O)
                                                      0.470    18.328 r  u_dataMem/memory_reg_0_255_26_26/RAMS64E_A/O
                         net (fo=1, routed)           0.000    18.328    u_dataMem/memory_reg_0_255_26_26/OA
    SLICE_X14Y32         MUXF7 (Prop_muxf7_I1_O)      0.214    18.542 r  u_dataMem/memory_reg_0_255_26_26/F7.A/O
                         net (fo=1, routed)           0.000    18.542    u_dataMem/memory_reg_0_255_26_26/O1
    SLICE_X14Y32         MUXF8 (Prop_muxf8_I1_O)      0.088    18.630 r  u_dataMem/memory_reg_0_255_26_26/F8/O
                         net (fo=1, routed)           0.504    19.134    u_PC/read_data0[26]
    SLICE_X15Y32         LUT5 (Prop_lut5_I0_O)        0.319    19.453 r  u_PC/regs[1][26]_i_1/O
                         net (fo=31, routed)          1.158    20.611    u_regFile/D[26]
    SLICE_X30Y32         FDCE                                         r  u_regFile/regs_reg[16][26]/D
  -------------------------------------------------------------------    -------------------

                         (clock clk rise edge)       20.000    20.000 r  
    W5                                                0.000    20.000 r  clk (IN)
                         net (fo=0)                   0.000    20.000    clk
    W5                   IBUF (Prop_ibuf_I_O)         1.388    21.388 r  clk_IBUF_inst/O
                         net (fo=1, routed)           1.862    23.250    clk_IBUF
    BUFGCTRL_X0Y0        BUFG (Prop_bufg_I_O)         0.091    23.341 r  clk_IBUF_BUFG_inst/O
                         net (fo=1140, routed)        1.437    24.778    u_regFile/CLK
    SLICE_X30Y32         FDCE                                         r  u_regFile/regs_reg[16][26]/C
                         clock pessimism              0.260    25.038    
                         clock uncertainty           -0.035    25.003    
    SLICE_X30Y32         FDCE (Setup_fdce_C_D)       -0.045    24.958    u_regFile/regs_reg[16][26]
  -------------------------------------------------------------------
                         required time                         24.958    
                         arrival time                         -20.611    
  -------------------------------------------------------------------
                         slack                                  4.347    

Slack (MET) :             4.351ns  (required time - arrival time)
  Source:                 u_PC/PC_reg[0]/C
                            (rising edge-triggered cell FDRE clocked by clk  {rise@0.000ns fall@10.000ns period=20.000ns})
  Destination:            u_regFile/regs_reg[16][9]/D
                            (rising edge-triggered cell FDCE clocked by clk  {rise@0.000ns fall@10.000ns period=20.000ns})
  Path Group:             clk
  Path Type:              Setup (Max at Slow Process Corner)
  Requirement:            20.000ns  (clk rise@20.000ns - clk rise@0.000ns)
  Data Path Delay:        15.556ns  (logic 4.041ns (25.977%)  route 11.515ns (74.022%))
  Logic Levels:           15  (CARRY4=3 LUT2=1 LUT3=3 LUT4=1 LUT5=2 LUT6=4 MUXF7=1)
  Clock Path Skew:        -0.030ns (DCD - SCD + CPR)
    Destination Clock Delay (DCD):    4.786ns = ( 24.786 - 20.000 ) 
    Source Clock Delay      (SCD):    5.076ns
    Clock Pessimism Removal (CPR):    0.260ns
  Clock Uncertainty:      0.035ns  ((TSJ^2 + TIJ^2)^1/2 + DJ) / 2 + PE
    Total System Jitter     (TSJ):    0.071ns
    Total Input Jitter      (TIJ):    0.000ns
    Discrete Jitter          (DJ):    0.000ns
    Phase Error              (PE):    0.000ns

    Location             Delay type                Incr(ns)  Path(ns)    Netlist Resource(s)
  -------------------------------------------------------------------    -------------------
                         (clock clk rise edge)        0.000     0.000 r  
    W5                                                0.000     0.000 r  clk (IN)
                         net (fo=0)                   0.000     0.000    clk
    W5                   IBUF (Prop_ibuf_I_O)         1.458     1.458 r  clk_IBUF_inst/O
                         net (fo=1, routed)           1.967     3.425    clk_IBUF
    BUFGCTRL_X0Y0        BUFG (Prop_bufg_I_O)         0.096     3.521 r  clk_IBUF_BUFG_inst/O
                         net (fo=1140, routed)        1.555     5.076    u_PC/clk_IBUF_BUFG
    SLICE_X8Y21          FDRE                                         r  u_PC/PC_reg[0]/C
  -------------------------------------------------------------------    -------------------
    SLICE_X8Y21          FDRE (Prop_fdre_C_Q)         0.518     5.594 r  u_PC/PC_reg[0]/Q
                         net (fo=64, routed)          0.960     6.555    u_PC/PC_reg[0]
    SLICE_X5Y21          LUT4 (Prop_lut4_I1_O)        0.153     6.708 r  u_PC/g0_b0__0_i_3/O
                         net (fo=16, routed)          1.140     7.848    u_PC/sel[3]
    SLICE_X6Y23          LUT6 (Prop_lut6_I3_O)        0.327     8.175 r  u_PC/g0_b0__0/O
                         net (fo=3, routed)           0.463     8.638    u_PC/g0_b0__0_n_0
    SLICE_X6Y23          LUT5 (Prop_lut5_I4_O)        0.124     8.762 r  u_PC/Branch_Target_carry__0_i_7/O
                         net (fo=88, routed)          1.259    10.021    u_regFile/memory_reg_0_255_24_24_i_4_1
    SLICE_X8Y13          LUT6 (Prop_lut6_I4_O)        0.124    10.145 f  u_regFile/memory_reg_0_255_3_3_i_7/O
                         net (fo=1, routed)           0.000    10.145    u_regFile/memory_reg_0_255_3_3_i_7_n_0
    SLICE_X8Y13          MUXF7 (Prop_muxf7_I0_O)      0.241    10.386 f  u_regFile/memory_reg_0_255_3_3_i_3/O
                         net (fo=1, routed)           0.835    11.221    u_regFile/memory_reg_0_255_3_3_i_3_n_0
    SLICE_X8Y15          LUT6 (Prop_lut6_I0_O)        0.298    11.519 f  u_regFile/memory_reg_0_255_3_3_i_2/O
                         net (fo=6, routed)           1.103    12.622    u_PC/ALUout2_carry_i_7_0
    SLICE_X7Y20          LUT3 (Prop_lut3_I2_O)        0.154    12.776 r  u_PC/memory_reg_0_255_0_0_i_39/O
                         net (fo=5, routed)           0.875    13.651    u_regFile/p_0_in__0[2]
    SLICE_X8Y23          LUT2 (Prop_lut2_I1_O)        0.327    13.978 r  u_regFile/memory_reg_0_255_0_0_i_112/O
                         net (fo=1, routed)           0.000    13.978    u_regFile/memory_reg_0_255_0_0_i_112_n_0
    SLICE_X8Y23          CARRY4 (Prop_carry4_S[3]_CO[3])
                                                      0.376    14.354 r  u_regFile/memory_reg_0_255_0_0_i_80/CO[3]
                         net (fo=1, routed)           0.000    14.354    u_regFile/memory_reg_0_255_0_0_i_80_n_0
    SLICE_X8Y24          CARRY4 (Prop_carry4_CI_CO[3])
                                                      0.117    14.471 r  u_regFile/memory_reg_0_255_0_0_i_62/CO[3]
                         net (fo=1, routed)           0.009    14.480    u_regFile/memory_reg_0_255_0_0_i_62_n_0
    SLICE_X8Y25          CARRY4 (Prop_carry4_CI_O[0])
                                                      0.219    14.699 r  u_regFile/memory_reg_0_255_0_0_i_55/O[0]
                         net (fo=2, routed)           0.571    15.270    u_PC/data2[8]
    SLICE_X10Y25         LUT3 (Prop_lut3_I1_O)        0.288    15.558 r  u_PC/memory_reg_0_255_0_0_i_23/O
                         net (fo=1, routed)           0.505    16.063    u_PC/memory_reg_0_255_0_0_i_23_n_0
    SLICE_X10Y25         LUT6 (Prop_lut6_I1_O)        0.331    16.394 r  u_PC/memory_reg_0_255_0_0_i_4/O
                         net (fo=197, routed)         1.102    17.496    u_PC/A[6]
    SLICE_X7Y31          LUT3 (Prop_lut3_I2_O)        0.118    17.614 f  u_PC/regs[1][31]_i_10/O
                         net (fo=32, routed)          1.764    19.378    u_PC/SwitchReadEnable
    SLICE_X12Y18         LUT5 (Prop_lut5_I2_O)        0.326    19.704 r  u_PC/regs[1][9]_i_1/O
                         net (fo=31, routed)          0.928    20.632    u_regFile/D[9]
    SLICE_X14Y13         FDCE                                         r  u_regFile/regs_reg[16][9]/D
  -------------------------------------------------------------------    -------------------

                         (clock clk rise edge)       20.000    20.000 r  
    W5                                                0.000    20.000 r  clk (IN)
                         net (fo=0)                   0.000    20.000    clk
    W5                   IBUF (Prop_ibuf_I_O)         1.388    21.388 r  clk_IBUF_inst/O
                         net (fo=1, routed)           1.862    23.250    clk_IBUF
    BUFGCTRL_X0Y0        BUFG (Prop_bufg_I_O)         0.091    23.341 r  clk_IBUF_BUFG_inst/O
                         net (fo=1140, routed)        1.445    24.786    u_regFile/CLK
    SLICE_X14Y13         FDCE                                         r  u_regFile/regs_reg[16][9]/C
                         clock pessimism              0.260    25.046    
                         clock uncertainty           -0.035    25.011    
    SLICE_X14Y13         FDCE (Setup_fdce_C_D)       -0.028    24.983    u_regFile/regs_reg[16][9]
  -------------------------------------------------------------------
                         required time                         24.983    
                         arrival time                         -20.632    
  -------------------------------------------------------------------
                         slack                                  4.351    

Slack (MET) :             4.352ns  (required time - arrival time)
  Source:                 u_PC/PC_reg[0]/C
                            (rising edge-triggered cell FDRE clocked by clk  {rise@0.000ns fall@10.000ns period=20.000ns})
  Destination:            u_regFile/regs_reg[15][26]/D
                            (rising edge-triggered cell FDCE clocked by clk  {rise@0.000ns fall@10.000ns period=20.000ns})
  Path Group:             clk
  Path Type:              Setup (Max at Slow Process Corner)
  Requirement:            20.000ns  (clk rise@20.000ns - clk rise@0.000ns)
  Data Path Delay:        15.519ns  (logic 4.601ns (29.646%)  route 10.918ns (70.354%))
  Logic Levels:           16  (CARRY4=2 LUT2=1 LUT3=2 LUT4=1 LUT5=2 LUT6=4 MUXF7=2 MUXF8=1 RAMS64E=1)
  Clock Path Skew:        -0.036ns (DCD - SCD + CPR)
    Destination Clock Delay (DCD):    4.780ns = ( 24.780 - 20.000 ) 
    Source Clock Delay      (SCD):    5.076ns
    Clock Pessimism Removal (CPR):    0.260ns
  Clock Uncertainty:      0.035ns  ((TSJ^2 + TIJ^2)^1/2 + DJ) / 2 + PE
    Total System Jitter     (TSJ):    0.071ns
    Total Input Jitter      (TIJ):    0.000ns
    Discrete Jitter          (DJ):    0.000ns
    Phase Error              (PE):    0.000ns

    Location             Delay type                Incr(ns)  Path(ns)    Netlist Resource(s)
  -------------------------------------------------------------------    -------------------
                         (clock clk rise edge)        0.000     0.000 r  
    W5                                                0.000     0.000 r  clk (IN)
                         net (fo=0)                   0.000     0.000    clk
    W5                   IBUF (Prop_ibuf_I_O)         1.458     1.458 r  clk_IBUF_inst/O
                         net (fo=1, routed)           1.967     3.425    clk_IBUF
    BUFGCTRL_X0Y0        BUFG (Prop_bufg_I_O)         0.096     3.521 r  clk_IBUF_BUFG_inst/O
                         net (fo=1140, routed)        1.555     5.076    u_PC/clk_IBUF_BUFG
    SLICE_X8Y21          FDRE                                         r  u_PC/PC_reg[0]/C
  -------------------------------------------------------------------    -------------------
    SLICE_X8Y21          FDRE (Prop_fdre_C_Q)         0.518     5.594 r  u_PC/PC_reg[0]/Q
                         net (fo=64, routed)          0.960     6.555    u_PC/PC_reg[0]
    SLICE_X5Y21          LUT4 (Prop_lut4_I1_O)        0.153     6.708 r  u_PC/g0_b0__0_i_3/O
                         net (fo=16, routed)          1.140     7.848    u_PC/sel[3]
    SLICE_X6Y23          LUT6 (Prop_lut6_I3_O)        0.327     8.175 r  u_PC/g0_b0__0/O
                         net (fo=3, routed)           0.463     8.638    u_PC/g0_b0__0_n_0
    SLICE_X6Y23          LUT5 (Prop_lut5_I4_O)        0.124     8.762 r  u_PC/Branch_Target_carry__0_i_7/O
                         net (fo=88, routed)          1.259    10.021    u_regFile/memory_reg_0_255_24_24_i_4_1
    SLICE_X8Y13          LUT6 (Prop_lut6_I4_O)        0.124    10.145 f  u_regFile/memory_reg_0_255_3_3_i_7/O
                         net (fo=1, routed)           0.000    10.145    u_regFile/memory_reg_0_255_3_3_i_7_n_0
    SLICE_X8Y13          MUXF7 (Prop_muxf7_I0_O)      0.241    10.386 f  u_regFile/memory_reg_0_255_3_3_i_3/O
                         net (fo=1, routed)           0.835    11.221    u_regFile/memory_reg_0_255_3_3_i_3_n_0
    SLICE_X8Y15          LUT6 (Prop_lut6_I0_O)        0.298    11.519 f  u_regFile/memory_reg_0_255_3_3_i_2/O
                         net (fo=6, routed)           1.103    12.622    u_PC/ALUout2_carry_i_7_0
    SLICE_X7Y20          LUT3 (Prop_lut3_I2_O)        0.154    12.776 r  u_PC/memory_reg_0_255_0_0_i_39/O
                         net (fo=5, routed)           0.875    13.651    u_regFile/p_0_in__0[2]
    SLICE_X8Y23          LUT2 (Prop_lut2_I1_O)        0.327    13.978 r  u_regFile/memory_reg_0_255_0_0_i_112/O
                         net (fo=1, routed)           0.000    13.978    u_regFile/memory_reg_0_255_0_0_i_112_n_0
    SLICE_X8Y23          CARRY4 (Prop_carry4_S[3]_CO[3])
                                                      0.376    14.354 r  u_regFile/memory_reg_0_255_0_0_i_80/CO[3]
                         net (fo=1, routed)           0.000    14.354    u_regFile/memory_reg_0_255_0_0_i_80_n_0
    SLICE_X8Y24          CARRY4 (Prop_carry4_CI_O[0])
                                                      0.219    14.573 r  u_regFile/memory_reg_0_255_0_0_i_62/O[0]
                         net (fo=1, routed)           0.743    15.315    u_PC/data2[4]
    SLICE_X10Y23         LUT3 (Prop_lut3_I2_O)        0.321    15.636 r  u_PC/memory_reg_0_255_0_0_i_37/O
                         net (fo=1, routed)           0.452    16.089    u_PC/memory_reg_0_255_0_0_i_37_n_0
    SLICE_X10Y23         LUT6 (Prop_lut6_I4_O)        0.328    16.417 r  u_PC/memory_reg_0_255_0_0_i_8/O
                         net (fo=130, routed)         1.442    17.859    u_dataMem/memory_reg_0_255_26_26/A2
    SLICE_X14Y32         RAMS64E (Prop_rams64e_ADR2_O)
                                                      0.470    18.328 r  u_dataMem/memory_reg_0_255_26_26/RAMS64E_A/O
                         net (fo=1, routed)           0.000    18.328    u_dataMem/memory_reg_0_255_26_26/OA
    SLICE_X14Y32         MUXF7 (Prop_muxf7_I1_O)      0.214    18.542 r  u_dataMem/memory_reg_0_255_26_26/F7.A/O
                         net (fo=1, routed)           0.000    18.542    u_dataMem/memory_reg_0_255_26_26/O1
    SLICE_X14Y32         MUXF8 (Prop_muxf8_I1_O)      0.088    18.630 r  u_dataMem/memory_reg_0_255_26_26/F8/O
                         net (fo=1, routed)           0.504    19.134    u_PC/read_data0[26]
    SLICE_X15Y32         LUT5 (Prop_lut5_I0_O)        0.319    19.453 r  u_PC/regs[1][26]_i_1/O
                         net (fo=31, routed)          1.142    20.595    u_regFile/D[26]
    SLICE_X29Y32         FDCE                                         r  u_regFile/regs_reg[15][26]/D
  -------------------------------------------------------------------    -------------------

                         (clock clk rise edge)       20.000    20.000 r  
    W5                                                0.000    20.000 r  clk (IN)
                         net (fo=0)                   0.000    20.000    clk
    W5                   IBUF (Prop_ibuf_I_O)         1.388    21.388 r  clk_IBUF_inst/O
                         net (fo=1, routed)           1.862    23.250    clk_IBUF
    BUFGCTRL_X0Y0        BUFG (Prop_bufg_I_O)         0.091    23.341 r  clk_IBUF_BUFG_inst/O
                         net (fo=1140, routed)        1.439    24.780    u_regFile/CLK
    SLICE_X29Y32         FDCE                                         r  u_regFile/regs_reg[15][26]/C
                         clock pessimism              0.260    25.040    
                         clock uncertainty           -0.035    25.005    
    SLICE_X29Y32         FDCE (Setup_fdce_C_D)       -0.058    24.947    u_regFile/regs_reg[15][26]
  -------------------------------------------------------------------
                         required time                         24.947    
                         arrival time                         -20.595    
  -------------------------------------------------------------------
                         slack                                  4.352    

Slack (MET) :             4.362ns  (required time - arrival time)
  Source:                 u_PC/PC_reg[0]/C
                            (rising edge-triggered cell FDRE clocked by clk  {rise@0.000ns fall@10.000ns period=20.000ns})
  Destination:            u_regFile/regs_reg[17][2]/D
                            (rising edge-triggered cell FDCE clocked by clk  {rise@0.000ns fall@10.000ns period=20.000ns})
  Path Group:             clk
  Path Type:              Setup (Max at Slow Process Corner)
  Requirement:            20.000ns  (clk rise@20.000ns - clk rise@0.000ns)
  Data Path Delay:        15.523ns  (logic 4.041ns (26.032%)  route 11.482ns (73.968%))
  Logic Levels:           15  (CARRY4=3 LUT2=1 LUT3=3 LUT4=1 LUT5=1 LUT6=5 MUXF7=1)
  Clock Path Skew:        -0.035ns (DCD - SCD + CPR)
    Destination Clock Delay (DCD):    4.781ns = ( 24.781 - 20.000 ) 
    Source Clock Delay      (SCD):    5.076ns
    Clock Pessimism Removal (CPR):    0.260ns
  Clock Uncertainty:      0.035ns  ((TSJ^2 + TIJ^2)^1/2 + DJ) / 2 + PE
    Total System Jitter     (TSJ):    0.071ns
    Total Input Jitter      (TIJ):    0.000ns
    Discrete Jitter          (DJ):    0.000ns
    Phase Error              (PE):    0.000ns

    Location             Delay type                Incr(ns)  Path(ns)    Netlist Resource(s)
  -------------------------------------------------------------------    -------------------
                         (clock clk rise edge)        0.000     0.000 r  
    W5                                                0.000     0.000 r  clk (IN)
                         net (fo=0)                   0.000     0.000    clk
    W5                   IBUF (Prop_ibuf_I_O)         1.458     1.458 r  clk_IBUF_inst/O
                         net (fo=1, routed)           1.967     3.425    clk_IBUF
    BUFGCTRL_X0Y0        BUFG (Prop_bufg_I_O)         0.096     3.521 r  clk_IBUF_BUFG_inst/O
                         net (fo=1140, routed)        1.555     5.076    u_PC/clk_IBUF_BUFG
    SLICE_X8Y21          FDRE                                         r  u_PC/PC_reg[0]/C
  -------------------------------------------------------------------    -------------------
    SLICE_X8Y21          FDRE (Prop_fdre_C_Q)         0.518     5.594 r  u_PC/PC_reg[0]/Q
                         net (fo=64, routed)          0.960     6.555    u_PC/PC_reg[0]
    SLICE_X5Y21          LUT4 (Prop_lut4_I1_O)        0.153     6.708 r  u_PC/g0_b0__0_i_3/O
                         net (fo=16, routed)          1.140     7.848    u_PC/sel[3]
    SLICE_X6Y23          LUT6 (Prop_lut6_I3_O)        0.327     8.175 r  u_PC/g0_b0__0/O
                         net (fo=3, routed)           0.463     8.638    u_PC/g0_b0__0_n_0
    SLICE_X6Y23          LUT5 (Prop_lut5_I4_O)        0.124     8.762 r  u_PC/Branch_Target_carry__0_i_7/O
                         net (fo=88, routed)          1.259    10.021    u_regFile/memory_reg_0_255_24_24_i_4_1
    SLICE_X8Y13          LUT6 (Prop_lut6_I4_O)        0.124    10.145 f  u_regFile/memory_reg_0_255_3_3_i_7/O
                         net (fo=1, routed)           0.000    10.145    u_regFile/memory_reg_0_255_3_3_i_7_n_0
    SLICE_X8Y13          MUXF7 (Prop_muxf7_I0_O)      0.241    10.386 f  u_regFile/memory_reg_0_255_3_3_i_3/O
                         net (fo=1, routed)           0.835    11.221    u_regFile/memory_reg_0_255_3_3_i_3_n_0
    SLICE_X8Y15          LUT6 (Prop_lut6_I0_O)        0.298    11.519 f  u_regFile/memory_reg_0_255_3_3_i_2/O
                         net (fo=6, routed)           1.103    12.622    u_PC/ALUout2_carry_i_7_0
    SLICE_X7Y20          LUT3 (Prop_lut3_I2_O)        0.154    12.776 r  u_PC/memory_reg_0_255_0_0_i_39/O
                         net (fo=5, routed)           0.875    13.651    u_regFile/p_0_in__0[2]
    SLICE_X8Y23          LUT2 (Prop_lut2_I1_O)        0.327    13.978 r  u_regFile/memory_reg_0_255_0_0_i_112/O
                         net (fo=1, routed)           0.000    13.978    u_regFile/memory_reg_0_255_0_0_i_112_n_0
    SLICE_X8Y23          CARRY4 (Prop_carry4_S[3]_CO[3])
                                                      0.376    14.354 r  u_regFile/memory_reg_0_255_0_0_i_80/CO[3]
                         net (fo=1, routed)           0.000    14.354    u_regFile/memory_reg_0_255_0_0_i_80_n_0
    SLICE_X8Y24          CARRY4 (Prop_carry4_CI_CO[3])
                                                      0.117    14.471 r  u_regFile/memory_reg_0_255_0_0_i_62/CO[3]
                         net (fo=1, routed)           0.009    14.480    u_regFile/memory_reg_0_255_0_0_i_62_n_0
    SLICE_X8Y25          CARRY4 (Prop_carry4_CI_O[0])
                                                      0.219    14.699 f  u_regFile/memory_reg_0_255_0_0_i_55/O[0]
                         net (fo=2, routed)           0.571    15.270    u_PC/data2[8]
    SLICE_X10Y25         LUT3 (Prop_lut3_I1_O)        0.288    15.558 f  u_PC/memory_reg_0_255_0_0_i_23/O
                         net (fo=1, routed)           0.505    16.063    u_PC/memory_reg_0_255_0_0_i_23_n_0
    SLICE_X10Y25         LUT6 (Prop_lut6_I1_O)        0.331    16.394 f  u_PC/memory_reg_0_255_0_0_i_4/O
                         net (fo=197, routed)         1.102    17.496    u_PC/A[6]
    SLICE_X7Y31          LUT3 (Prop_lut3_I2_O)        0.118    17.614 r  u_PC/regs[1][31]_i_10/O
                         net (fo=32, routed)          1.640    19.254    u_PC/SwitchReadEnable
    SLICE_X9Y17          LUT6 (Prop_lut6_I1_O)        0.326    19.580 r  u_PC/regs[1][2]_i_1/O
                         net (fo=31, routed)          1.019    20.599    u_regFile/D[2]
    SLICE_X12Y18         FDCE                                         r  u_regFile/regs_reg[17][2]/D
  -------------------------------------------------------------------    -------------------

                         (clock clk rise edge)       20.000    20.000 r  
    W5                                                0.000    20.000 r  clk (IN)
                         net (fo=0)                   0.000    20.000    clk
    W5                   IBUF (Prop_ibuf_I_O)         1.388    21.388 r  clk_IBUF_inst/O
                         net (fo=1, routed)           1.862    23.250    clk_IBUF
    BUFGCTRL_X0Y0        BUFG (Prop_bufg_I_O)         0.091    23.341 r  clk_IBUF_BUFG_inst/O
                         net (fo=1140, routed)        1.440    24.781    u_regFile/CLK
    SLICE_X12Y18         FDCE                                         r  u_regFile/regs_reg[17][2]/C
                         clock pessimism              0.260    25.041    
                         clock uncertainty           -0.035    25.006    
    SLICE_X12Y18         FDCE (Setup_fdce_C_D)       -0.045    24.961    u_regFile/regs_reg[17][2]
  -------------------------------------------------------------------
                         required time                         24.961    
                         arrival time                         -20.599    
  -------------------------------------------------------------------
                         slack                                  4.362    





Min Delay Paths
--------------------------------------------------------------------------------------
Slack (MET) :             0.410ns  (arrival time - required time)
  Source:                 u_PC/PC_reg[6]/C
                            (rising edge-triggered cell FDRE clocked by clk  {rise@0.000ns fall@10.000ns period=20.000ns})
  Destination:            u_PC/PC_reg[6]/D
                            (rising edge-triggered cell FDRE clocked by clk  {rise@0.000ns fall@10.000ns period=20.000ns})
  Path Group:             clk
  Path Type:              Hold (Min at Fast Process Corner)
  Requirement:            0.000ns  (clk rise@0.000ns - clk rise@0.000ns)
  Data Path Delay:        0.544ns  (logic 0.275ns (50.588%)  route 0.269ns (49.412%))
  Logic Levels:           2  (CARRY4=1 LUT6=1)
  Clock Path Skew:        0.000ns (DCD - SCD - CPR)
    Destination Clock Delay (DCD):    1.978ns
    Source Clock Delay      (SCD):    1.466ns
    Clock Pessimism Removal (CPR):    0.512ns

    Location             Delay type                Incr(ns)  Path(ns)    Netlist Resource(s)
  -------------------------------------------------------------------    -------------------
                         (clock clk rise edge)        0.000     0.000 r  
    W5                                                0.000     0.000 r  clk (IN)
                         net (fo=0)                   0.000     0.000    clk
    W5                   IBUF (Prop_ibuf_I_O)         0.226     0.226 r  clk_IBUF_inst/O
                         net (fo=1, routed)           0.631     0.858    clk_IBUF
    BUFGCTRL_X0Y0        BUFG (Prop_bufg_I_O)         0.026     0.884 r  clk_IBUF_BUFG_inst/O
                         net (fo=1140, routed)        0.583     1.466    u_PC/clk_IBUF_BUFG
    SLICE_X6Y22          FDRE                                         r  u_PC/PC_reg[6]/C
  -------------------------------------------------------------------    -------------------
    SLICE_X6Y22          FDRE (Prop_fdre_C_Q)         0.164     1.630 r  u_PC/PC_reg[6]/Q
                         net (fo=12, routed)          0.269     1.899    u_PC/PC_reg__0[5]
    SLICE_X6Y22          LUT6 (Prop_lut6_I0_O)        0.045     1.944 r  u_PC/PC[5]_i_2/O
                         net (fo=1, routed)           0.000     1.944    u_PC/PC[5]_i_2_n_0
    SLICE_X6Y22          CARRY4 (Prop_carry4_S[1]_O[1])
                                                      0.066     2.010 r  u_PC/PC_reg[5]_i_1/O[1]
                         net (fo=1, routed)           0.000     2.010    u_PC/PC_reg[5]_i_1_n_6
    SLICE_X6Y22          FDRE                                         r  u_PC/PC_reg[6]/D
  -------------------------------------------------------------------    -------------------

                         (clock clk rise edge)        0.000     0.000 r  
    W5                                                0.000     0.000 r  clk (IN)
                         net (fo=0)                   0.000     0.000    clk
    W5                   IBUF (Prop_ibuf_I_O)         0.414     0.414 r  clk_IBUF_inst/O
                         net (fo=1, routed)           0.685     1.099    clk_IBUF
    BUFGCTRL_X0Y0        BUFG (Prop_bufg_I_O)         0.029     1.128 r  clk_IBUF_BUFG_inst/O
                         net (fo=1140, routed)        0.851     1.978    u_PC/clk_IBUF_BUFG
    SLICE_X6Y22          FDRE                                         r  u_PC/PC_reg[6]/C
                         clock pessimism             -0.512     1.466    
    SLICE_X6Y22          FDRE (Hold_fdre_C_D)         0.134     1.600    u_PC/PC_reg[6]
  -------------------------------------------------------------------
                         required time                         -1.600    
                         arrival time                           2.010    
  -------------------------------------------------------------------
                         slack                                  0.410    

Slack (MET) :             0.433ns  (arrival time - required time)
  Source:                 u_PC/PC_reg[3]/C
                            (rising edge-triggered cell FDRE clocked by clk  {rise@0.000ns fall@10.000ns period=20.000ns})
  Destination:            u_PC/PC_reg[3]/D
                            (rising edge-triggered cell FDRE clocked by clk  {rise@0.000ns fall@10.000ns period=20.000ns})
  Path Group:             clk
  Path Type:              Hold (Min at Fast Process Corner)
  Requirement:            0.000ns  (clk rise@0.000ns - clk rise@0.000ns)
  Data Path Delay:        0.567ns  (logic 0.274ns (48.324%)  route 0.293ns (51.676%))
  Logic Levels:           2  (CARRY4=1 LUT6=1)
  Clock Path Skew:        0.000ns (DCD - SCD - CPR)
    Destination Clock Delay (DCD):    1.979ns
    Source Clock Delay      (SCD):    1.466ns
    Clock Pessimism Removal (CPR):    0.513ns

    Location             Delay type                Incr(ns)  Path(ns)    Netlist Resource(s)
  -------------------------------------------------------------------    -------------------
                         (clock clk rise edge)        0.000     0.000 r  
    W5                                                0.000     0.000 r  clk (IN)
                         net (fo=0)                   0.000     0.000    clk
    W5                   IBUF (Prop_ibuf_I_O)         0.226     0.226 r  clk_IBUF_inst/O
                         net (fo=1, routed)           0.631     0.858    clk_IBUF
    BUFGCTRL_X0Y0        BUFG (Prop_bufg_I_O)         0.026     0.884 r  clk_IBUF_BUFG_inst/O
                         net (fo=1140, routed)        0.583     1.466    u_PC/clk_IBUF_BUFG
    SLICE_X6Y21          FDRE                                         r  u_PC/PC_reg[3]/C
  -------------------------------------------------------------------    -------------------
    SLICE_X6Y21          FDRE (Prop_fdre_C_Q)         0.164     1.630 r  u_PC/PC_reg[3]/Q
                         net (fo=17, routed)          0.293     1.923    u_PC/PC_reg__0[2]
    SLICE_X6Y21          LUT6 (Prop_lut6_I0_O)        0.045     1.968 r  u_PC/PC[1]_i_4/O
                         net (fo=1, routed)           0.000     1.968    u_PC/PC[1]_i_4_n_0
    SLICE_X6Y21          CARRY4 (Prop_carry4_S[2]_O[2])
                                                      0.065     2.033 r  u_PC/PC_reg[1]_i_1/O[2]
                         net (fo=1, routed)           0.000     2.033    u_PC/PC_reg[1]_i_1_n_5
    SLICE_X6Y21          FDRE                                         r  u_PC/PC_reg[3]/D
  -------------------------------------------------------------------    -------------------

                         (clock clk rise edge)        0.000     0.000 r  
    W5                                                0.000     0.000 r  clk (IN)
                         net (fo=0)                   0.000     0.000    clk
    W5                   IBUF (Prop_ibuf_I_O)         0.414     0.414 r  clk_IBUF_inst/O
                         net (fo=1, routed)           0.685     1.099    clk_IBUF
    BUFGCTRL_X0Y0        BUFG (Prop_bufg_I_O)         0.029     1.128 r  clk_IBUF_BUFG_inst/O
                         net (fo=1140, routed)        0.852     1.979    u_PC/clk_IBUF_BUFG
    SLICE_X6Y21          FDRE                                         r  u_PC/PC_reg[3]/C
                         clock pessimism             -0.513     1.466    
    SLICE_X6Y21          FDRE (Hold_fdre_C_D)         0.134     1.600    u_PC/PC_reg[3]
  -------------------------------------------------------------------
                         required time                         -1.600    
                         arrival time                           2.033    
  -------------------------------------------------------------------
                         slack                                  0.433    

Slack (MET) :             0.446ns  (arrival time - required time)
  Source:                 u_PC/PC_reg[2]/C
                            (rising edge-triggered cell FDRE clocked by clk  {rise@0.000ns fall@10.000ns period=20.000ns})
  Destination:            u_PC/PC_reg[2]/D
                            (rising edge-triggered cell FDRE clocked by clk  {rise@0.000ns fall@10.000ns period=20.000ns})
  Path Group:             clk
  Path Type:              Hold (Min at Fast Process Corner)
  Requirement:            0.000ns  (clk rise@0.000ns - clk rise@0.000ns)
  Data Path Delay:        0.580ns  (logic 0.275ns (47.397%)  route 0.305ns (52.603%))
  Logic Levels:           2  (CARRY4=1 LUT6=1)
  Clock Path Skew:        0.000ns (DCD - SCD - CPR)
    Destination Clock Delay (DCD):    1.979ns
    Source Clock Delay      (SCD):    1.466ns
    Clock Pessimism Removal (CPR):    0.513ns

    Location             Delay type                Incr(ns)  Path(ns)    Netlist Resource(s)
  -------------------------------------------------------------------    -------------------
                         (clock clk rise edge)        0.000     0.000 r  
    W5                                                0.000     0.000 r  clk (IN)
                         net (fo=0)                   0.000     0.000    clk
    W5                   IBUF (Prop_ibuf_I_O)         0.226     0.226 r  clk_IBUF_inst/O
                         net (fo=1, routed)           0.631     0.858    clk_IBUF
    BUFGCTRL_X0Y0        BUFG (Prop_bufg_I_O)         0.026     0.884 r  clk_IBUF_BUFG_inst/O
                         net (fo=1140, routed)        0.583     1.466    u_PC/clk_IBUF_BUFG
    SLICE_X6Y21          FDRE                                         r  u_PC/PC_reg[2]/C
  -------------------------------------------------------------------    -------------------
    SLICE_X6Y21          FDRE (Prop_fdre_C_Q)         0.164     1.630 f  u_PC/PC_reg[2]/Q
                         net (fo=22, routed)          0.305     1.935    u_PC/PC_reg__0[1]
    SLICE_X6Y21          LUT6 (Prop_lut6_I1_O)        0.045     1.980 r  u_PC/PC[1]_i_5/O
                         net (fo=1, routed)           0.000     1.980    u_PC/PC[1]_i_5_n_0
    SLICE_X6Y21          CARRY4 (Prop_carry4_S[1]_O[1])
                                                      0.066     2.046 r  u_PC/PC_reg[1]_i_1/O[1]
                         net (fo=1, routed)           0.000     2.046    u_PC/PC_reg[1]_i_1_n_6
    SLICE_X6Y21          FDRE                                         r  u_PC/PC_reg[2]/D
  -------------------------------------------------------------------    -------------------

                         (clock clk rise edge)        0.000     0.000 r  
    W5                                                0.000     0.000 r  clk (IN)
                         net (fo=0)                   0.000     0.000    clk
    W5                   IBUF (Prop_ibuf_I_O)         0.414     0.414 r  clk_IBUF_inst/O
                         net (fo=1, routed)           0.685     1.099    clk_IBUF
    BUFGCTRL_X0Y0        BUFG (Prop_bufg_I_O)         0.029     1.128 r  clk_IBUF_BUFG_inst/O
                         net (fo=1140, routed)        0.852     1.979    u_PC/clk_IBUF_BUFG
    SLICE_X6Y21          FDRE                                         r  u_PC/PC_reg[2]/C
                         clock pessimism             -0.513     1.466    
    SLICE_X6Y21          FDRE (Hold_fdre_C_D)         0.134     1.600    u_PC/PC_reg[2]
  -------------------------------------------------------------------
                         required time                         -1.600    
                         arrival time                           2.046    
  -------------------------------------------------------------------
                         slack                                  0.446    

Slack (MET) :             0.469ns  (arrival time - required time)
  Source:                 u_PC/PC_reg[3]/C
                            (rising edge-triggered cell FDRE clocked by clk  {rise@0.000ns fall@10.000ns period=20.000ns})
  Destination:            u_PC/PC_reg[4]/D
                            (rising edge-triggered cell FDRE clocked by clk  {rise@0.000ns fall@10.000ns period=20.000ns})
  Path Group:             clk
  Path Type:              Hold (Min at Fast Process Corner)
  Requirement:            0.000ns  (clk rise@0.000ns - clk rise@0.000ns)
  Data Path Delay:        0.603ns  (logic 0.310ns (51.409%)  route 0.293ns (48.591%))
  Logic Levels:           2  (CARRY4=1 LUT6=1)
  Clock Path Skew:        0.000ns (DCD - SCD - CPR)
    Destination Clock Delay (DCD):    1.979ns
    Source Clock Delay      (SCD):    1.466ns
    Clock Pessimism Removal (CPR):    0.513ns

    Location             Delay type                Incr(ns)  Path(ns)    Netlist Resource(s)
  -------------------------------------------------------------------    -------------------
                         (clock clk rise edge)        0.000     0.000 r  
    W5                                                0.000     0.000 r  clk (IN)
                         net (fo=0)                   0.000     0.000    clk
    W5                   IBUF (Prop_ibuf_I_O)         0.226     0.226 r  clk_IBUF_inst/O
                         net (fo=1, routed)           0.631     0.858    clk_IBUF
    BUFGCTRL_X0Y0        BUFG (Prop_bufg_I_O)         0.026     0.884 r  clk_IBUF_BUFG_inst/O
                         net (fo=1140, routed)        0.583     1.466    u_PC/clk_IBUF_BUFG
    SLICE_X6Y21          FDRE                                         r  u_PC/PC_reg[3]/C
  -------------------------------------------------------------------    -------------------
    SLICE_X6Y21          FDRE (Prop_fdre_C_Q)         0.164     1.630 r  u_PC/PC_reg[3]/Q
                         net (fo=17, routed)          0.293     1.923    u_PC/PC_reg__0[2]
    SLICE_X6Y21          LUT6 (Prop_lut6_I0_O)        0.045     1.968 r  u_PC/PC[1]_i_4/O
                         net (fo=1, routed)           0.000     1.968    u_PC/PC[1]_i_4_n_0
    SLICE_X6Y21          CARRY4 (Prop_carry4_S[2]_O[3])
                                                      0.101     2.069 r  u_PC/PC_reg[1]_i_1/O[3]
                         net (fo=1, routed)           0.000     2.069    u_PC/PC_reg[1]_i_1_n_4
    SLICE_X6Y21          FDRE                                         r  u_PC/PC_reg[4]/D
  -------------------------------------------------------------------    -------------------

                         (clock clk rise edge)        0.000     0.000 r  
    W5                                                0.000     0.000 r  clk (IN)
                         net (fo=0)                   0.000     0.000    clk
    W5                   IBUF (Prop_ibuf_I_O)         0.414     0.414 r  clk_IBUF_inst/O
                         net (fo=1, routed)           0.685     1.099    clk_IBUF
    BUFGCTRL_X0Y0        BUFG (Prop_bufg_I_O)         0.029     1.128 r  clk_IBUF_BUFG_inst/O
                         net (fo=1140, routed)        0.852     1.979    u_PC/clk_IBUF_BUFG
    SLICE_X6Y21          FDRE                                         r  u_PC/PC_reg[4]/C
                         clock pessimism             -0.513     1.466    
    SLICE_X6Y21          FDRE (Hold_fdre_C_D)         0.134     1.600    u_PC/PC_reg[4]
  -------------------------------------------------------------------
                         required time                         -1.600    
                         arrival time                           2.069    
  -------------------------------------------------------------------
                         slack                                  0.469    

Slack (MET) :             0.519ns  (arrival time - required time)
  Source:                 u_PC/PC_reg[3]/C
                            (rising edge-triggered cell FDRE clocked by clk  {rise@0.000ns fall@10.000ns period=20.000ns})
  Destination:            u_PC/PC_reg[5]/D
                            (rising edge-triggered cell FDRE clocked by clk  {rise@0.000ns fall@10.000ns period=20.000ns})
  Path Group:             clk
  Path Type:              Hold (Min at Fast Process Corner)
  Requirement:            0.000ns  (clk rise@0.000ns - clk rise@0.000ns)
  Data Path Delay:        0.666ns  (logic 0.373ns (56.005%)  route 0.293ns (43.995%))
  Logic Levels:           3  (CARRY4=2 LUT6=1)
  Clock Path Skew:        0.013ns (DCD - SCD - CPR)
    Destination Clock Delay (DCD):    1.978ns
    Source Clock Delay      (SCD):    1.466ns
    Clock Pessimism Removal (CPR):    0.499ns

    Location             Delay type                Incr(ns)  Path(ns)    Netlist Resource(s)
  -------------------------------------------------------------------    -------------------
                         (clock clk rise edge)        0.000     0.000 r  
    W5                                                0.000     0.000 r  clk (IN)
                         net (fo=0)                   0.000     0.000    clk
    W5                   IBUF (Prop_ibuf_I_O)         0.226     0.226 r  clk_IBUF_inst/O
                         net (fo=1, routed)           0.631     0.858    clk_IBUF
    BUFGCTRL_X0Y0        BUFG (Prop_bufg_I_O)         0.026     0.884 r  clk_IBUF_BUFG_inst/O
                         net (fo=1140, routed)        0.583     1.466    u_PC/clk_IBUF_BUFG
    SLICE_X6Y21          FDRE                                         r  u_PC/PC_reg[3]/C
  -------------------------------------------------------------------    -------------------
    SLICE_X6Y21          FDRE (Prop_fdre_C_Q)         0.164     1.630 r  u_PC/PC_reg[3]/Q
                         net (fo=17, routed)          0.293     1.923    u_PC/PC_reg__0[2]
    SLICE_X6Y21          LUT6 (Prop_lut6_I0_O)        0.045     1.968 r  u_PC/PC[1]_i_4/O
                         net (fo=1, routed)           0.000     1.968    u_PC/PC[1]_i_4_n_0
    SLICE_X6Y21          CARRY4 (Prop_carry4_S[2]_CO[3])
                                                      0.111     2.079 r  u_PC/PC_reg[1]_i_1/CO[3]
                         net (fo=1, routed)           0.000     2.079    u_PC/PC_reg[1]_i_1_n_0
    SLICE_X6Y22          CARRY4 (Prop_carry4_CI_O[0])
                                                      0.053     2.132 r  u_PC/PC_reg[5]_i_1/O[0]
                         net (fo=1, routed)           0.000     2.132    u_PC/PC_reg[5]_i_1_n_7
    SLICE_X6Y22          FDRE                                         r  u_PC/PC_reg[5]/D
  -------------------------------------------------------------------    -------------------

                         (clock clk rise edge)        0.000     0.000 r  
    W5                                                0.000     0.000 r  clk (IN)
                         net (fo=0)                   0.000     0.000    clk
    W5                   IBUF (Prop_ibuf_I_O)         0.414     0.414 r  clk_IBUF_inst/O
                         net (fo=1, routed)           0.685     1.099    clk_IBUF
    BUFGCTRL_X0Y0        BUFG (Prop_bufg_I_O)         0.029     1.128 r  clk_IBUF_BUFG_inst/O
                         net (fo=1140, routed)        0.851     1.978    u_PC/clk_IBUF_BUFG
    SLICE_X6Y22          FDRE                                         r  u_PC/PC_reg[5]/C
                         clock pessimism             -0.499     1.479    
    SLICE_X6Y22          FDRE (Hold_fdre_C_D)         0.134     1.613    u_PC/PC_reg[5]
  -------------------------------------------------------------------
                         required time                         -1.613    
                         arrival time                           2.132    
  -------------------------------------------------------------------
                         slack                                  0.519    

Slack (MET) :             0.572ns  (arrival time - required time)
  Source:                 u_dataMem/memory_reg_0_255_2_2/RAMS64E_B/CLK
                            (rising edge-triggered cell RAMS64E clocked by clk  {rise@0.000ns fall@10.000ns period=20.000ns})
  Destination:            u_regFile/regs_reg[4][2]/D
                            (rising edge-triggered cell FDCE clocked by clk  {rise@0.000ns fall@10.000ns period=20.000ns})
  Path Group:             clk
  Path Type:              Hold (Min at Fast Process Corner)
  Requirement:            0.000ns  (clk rise@0.000ns - clk rise@0.000ns)
  Data Path Delay:        0.697ns  (logic 0.582ns (83.536%)  route 0.115ns (16.464%))
  Logic Levels:           3  (LUT6=1 MUXF7=1 MUXF8=1)
  Clock Path Skew:        0.034ns (DCD - SCD - CPR)
    Destination Clock Delay (DCD):    1.955ns
    Source Clock Delay      (SCD):    1.443ns
    Clock Pessimism Removal (CPR):    0.478ns

    Location             Delay type                Incr(ns)  Path(ns)    Netlist Resource(s)
  -------------------------------------------------------------------    -------------------
                         (clock clk rise edge)        0.000     0.000 r  
    W5                                                0.000     0.000 r  clk (IN)
                         net (fo=0)                   0.000     0.000    clk
    W5                   IBUF (Prop_ibuf_I_O)         0.226     0.226 r  clk_IBUF_inst/O
                         net (fo=1, routed)           0.631     0.858    clk_IBUF
    BUFGCTRL_X0Y0        BUFG (Prop_bufg_I_O)         0.026     0.884 r  clk_IBUF_BUFG_inst/O
                         net (fo=1140, routed)        0.560     1.443    u_dataMem/memory_reg_0_255_2_2/WCLK
    SLICE_X10Y17         RAMS64E                                      r  u_dataMem/memory_reg_0_255_2_2/RAMS64E_B/CLK
  -------------------------------------------------------------------    -------------------
    SLICE_X10Y17         RAMS64E (Prop_rams64e_CLK_O)
                                                      0.388     1.831 r  u_dataMem/memory_reg_0_255_2_2/RAMS64E_B/O
                         net (fo=1, routed)           0.000     1.831    u_dataMem/memory_reg_0_255_2_2/OB
    SLICE_X10Y17         MUXF7 (Prop_muxf7_I0_O)      0.062     1.893 r  u_dataMem/memory_reg_0_255_2_2/F7.A/O
                         net (fo=1, routed)           0.000     1.893    u_dataMem/memory_reg_0_255_2_2/O1
    SLICE_X10Y17         MUXF8 (Prop_muxf8_I1_O)      0.019     1.912 r  u_dataMem/memory_reg_0_255_2_2/F8/O
                         net (fo=1, routed)           0.115     2.027    u_PC/read_data0[2]
    SLICE_X9Y17          LUT6 (Prop_lut6_I3_O)        0.113     2.140 r  u_PC/regs[1][2]_i_1/O
                         net (fo=31, routed)          0.000     2.140    u_regFile/D[2]
    SLICE_X9Y17          FDCE                                         r  u_regFile/regs_reg[4][2]/D
  -------------------------------------------------------------------    -------------------

                         (clock clk rise edge)        0.000     0.000 r  
    W5                                                0.000     0.000 r  clk (IN)
                         net (fo=0)                   0.000     0.000    clk
    W5                   IBUF (Prop_ibuf_I_O)         0.414     0.414 r  clk_IBUF_inst/O
                         net (fo=1, routed)           0.685     1.099    clk_IBUF
    BUFGCTRL_X0Y0        BUFG (Prop_bufg_I_O)         0.029     1.128 r  clk_IBUF_BUFG_inst/O
                         net (fo=1140, routed)        0.828     1.955    u_regFile/CLK
    SLICE_X9Y17          FDCE                                         r  u_regFile/regs_reg[4][2]/C
                         clock pessimism             -0.478     1.477    
    SLICE_X9Y17          FDCE (Hold_fdce_C_D)         0.091     1.568    u_regFile/regs_reg[4][2]
  -------------------------------------------------------------------
                         required time                         -1.568    
                         arrival time                           2.140    
  -------------------------------------------------------------------
                         slack                                  0.572    

Slack (MET) :             0.602ns  (arrival time - required time)
  Source:                 u_regFile/regs_reg[10][13]/C
                            (rising edge-triggered cell FDCE clocked by clk  {rise@0.000ns fall@10.000ns period=20.000ns})
  Destination:            u_dataMem/memory_reg_0_255_13_13/RAMS64E_D/I
                            (rising edge-triggered cell RAMS64E clocked by clk  {rise@0.000ns fall@10.000ns period=20.000ns})
  Path Group:             clk
  Path Type:              Hold (Min at Fast Process Corner)
  Requirement:            0.000ns  (clk rise@0.000ns - clk rise@0.000ns)
  Data Path Delay:        0.761ns  (logic 0.388ns (50.956%)  route 0.373ns (49.044%))
  Logic Levels:           3  (LUT6=2 MUXF7=1)
  Clock Path Skew:        0.015ns (DCD - SCD - CPR)
    Destination Clock Delay (DCD):    1.950ns
    Source Clock Delay      (SCD):    1.437ns
    Clock Pessimism Removal (CPR):    0.498ns

    Location             Delay type                Incr(ns)  Path(ns)    Netlist Resource(s)
  -------------------------------------------------------------------    -------------------
                         (clock clk rise edge)        0.000     0.000 r  
    W5                                                0.000     0.000 r  clk (IN)
                         net (fo=0)                   0.000     0.000    clk
    W5                   IBUF (Prop_ibuf_I_O)         0.226     0.226 r  clk_IBUF_inst/O
                         net (fo=1, routed)           0.631     0.858    clk_IBUF
    BUFGCTRL_X0Y0        BUFG (Prop_bufg_I_O)         0.026     0.884 r  clk_IBUF_BUFG_inst/O
                         net (fo=1140, routed)        0.554     1.437    u_regFile/CLK
    SLICE_X12Y26         FDCE                                         r  u_regFile/regs_reg[10][13]/C
  -------------------------------------------------------------------    -------------------
    SLICE_X12Y26         FDCE (Prop_fdce_C_Q)         0.164     1.601 r  u_regFile/regs_reg[10][13]/Q
                         net (fo=2, routed)           0.063     1.664    u_regFile/regs_reg[10][13]
    SLICE_X13Y26         LUT6 (Prop_lut6_I1_O)        0.045     1.709 r  u_regFile/memory_reg_0_255_13_13_i_10/O
                         net (fo=1, routed)           0.000     1.709    u_regFile/memory_reg_0_255_13_13_i_10_n_0
    SLICE_X13Y26         MUXF7 (Prop_muxf7_I0_O)      0.071     1.780 r  u_regFile/memory_reg_0_255_13_13_i_4/O
                         net (fo=1, routed)           0.186     1.967    u_regFile/memory_reg_0_255_13_13_i_4_n_0
    SLICE_X15Y26         LUT6 (Prop_lut6_I3_O)        0.108     2.075 r  u_regFile/memory_reg_0_255_13_13_i_1/O
                         net (fo=5, routed)           0.124     2.199    u_dataMem/memory_reg_0_255_13_13/D
    SLICE_X14Y27         RAMS64E                                      r  u_dataMem/memory_reg_0_255_13_13/RAMS64E_D/I
  -------------------------------------------------------------------    -------------------

                         (clock clk rise edge)        0.000     0.000 r  
    W5                                                0.000     0.000 r  clk (IN)
                         net (fo=0)                   0.000     0.000    clk
    W5                   IBUF (Prop_ibuf_I_O)         0.414     0.414 r  clk_IBUF_inst/O
                         net (fo=1, routed)           0.685     1.099    clk_IBUF
    BUFGCTRL_X0Y0        BUFG (Prop_bufg_I_O)         0.029     1.128 r  clk_IBUF_BUFG_inst/O
                         net (fo=1140, routed)        0.823     1.950    u_dataMem/memory_reg_0_255_13_13/WCLK
    SLICE_X14Y27         RAMS64E                                      r  u_dataMem/memory_reg_0_255_13_13/RAMS64E_D/CLK
                         clock pessimism             -0.498     1.452    
    SLICE_X14Y27         RAMS64E (Hold_rams64e_CLK_I)
                                                      0.144     1.596    u_dataMem/memory_reg_0_255_13_13/RAMS64E_D
  -------------------------------------------------------------------
                         required time                         -1.596    
                         arrival time                           2.199    
  -------------------------------------------------------------------
                         slack                                  0.602    

Slack (MET) :             0.605ns  (arrival time - required time)
  Source:                 u_PC/PC_reg[0]/C
                            (rising edge-triggered cell FDRE clocked by clk  {rise@0.000ns fall@10.000ns period=20.000ns})
  Destination:            u_PC/PC_reg[0]/D
                            (rising edge-triggered cell FDRE clocked by clk  {rise@0.000ns fall@10.000ns period=20.000ns})
  Path Group:             clk
  Path Type:              Hold (Min at Fast Process Corner)
  Requirement:            0.000ns  (clk rise@0.000ns - clk rise@0.000ns)
  Data Path Delay:        0.690ns  (logic 0.209ns (30.289%)  route 0.481ns (69.711%))
  Logic Levels:           1  (LUT6=1)
  Clock Path Skew:        0.000ns (DCD - SCD - CPR)
    Destination Clock Delay (DCD):    1.951ns
    Source Clock Delay      (SCD):    1.439ns
    Clock Pessimism Removal (CPR):    0.512ns

    Location             Delay type                Incr(ns)  Path(ns)    Netlist Resource(s)
  -------------------------------------------------------------------    -------------------
                         (clock clk rise edge)        0.000     0.000 r  
    W5                                                0.000     0.000 r  clk (IN)
                         net (fo=0)                   0.000     0.000    clk
    W5                   IBUF (Prop_ibuf_I_O)         0.226     0.226 r  clk_IBUF_inst/O
                         net (fo=1, routed)           0.631     0.858    clk_IBUF
    BUFGCTRL_X0Y0        BUFG (Prop_bufg_I_O)         0.026     0.884 r  clk_IBUF_BUFG_inst/O
                         net (fo=1140, routed)        0.556     1.439    u_PC/clk_IBUF_BUFG
    SLICE_X8Y21          FDRE                                         r  u_PC/PC_reg[0]/C
  -------------------------------------------------------------------    -------------------
    SLICE_X8Y21          FDRE (Prop_fdre_C_Q)         0.164     1.603 r  u_PC/PC_reg[0]/Q
                         net (fo=64, routed)          0.325     1.928    u_PC/PC_reg[0]
    SLICE_X9Y22          LUT6 (Prop_lut6_I0_O)        0.045     1.973 r  u_PC/PC_rep[0]_i_1/O
                         net (fo=2, routed)           0.156     2.129    u_PC/PC_rep[0]_i_1_n_0
    SLICE_X8Y21          FDRE                                         r  u_PC/PC_reg[0]/D
  -------------------------------------------------------------------    -------------------

                         (clock clk rise edge)        0.000     0.000 r  
    W5                                                0.000     0.000 r  clk (IN)
                         net (fo=0)                   0.000     0.000    clk
    W5                   IBUF (Prop_ibuf_I_O)         0.414     0.414 r  clk_IBUF_inst/O
                         net (fo=1, routed)           0.685     1.099    clk_IBUF
    BUFGCTRL_X0Y0        BUFG (Prop_bufg_I_O)         0.029     1.128 r  clk_IBUF_BUFG_inst/O
                         net (fo=1140, routed)        0.824     1.951    u_PC/clk_IBUF_BUFG
    SLICE_X8Y21          FDRE                                         r  u_PC/PC_reg[0]/C
                         clock pessimism             -0.512     1.439    
    SLICE_X8Y21          FDRE (Hold_fdre_C_D)         0.085     1.524    u_PC/PC_reg[0]
  -------------------------------------------------------------------
                         required time                         -1.524    
                         arrival time                           2.129    
  -------------------------------------------------------------------
                         slack                                  0.605    

Slack (MET) :             0.615ns  (arrival time - required time)
  Source:                 u_regFile/regs_reg[21][14]/C
                            (rising edge-triggered cell FDCE clocked by clk  {rise@0.000ns fall@10.000ns period=20.000ns})
  Destination:            u_dataMem/memory_reg_0_255_14_14/RAMS64E_D/I
                            (rising edge-triggered cell RAMS64E clocked by clk  {rise@0.000ns fall@10.000ns period=20.000ns})
  Path Group:             clk
  Path Type:              Hold (Min at Fast Process Corner)
  Requirement:            0.000ns  (clk rise@0.000ns - clk rise@0.000ns)
  Data Path Delay:        0.772ns  (logic 0.359ns (46.487%)  route 0.413ns (53.513%))
  Logic Levels:           3  (LUT6=2 MUXF7=1)
  Clock Path Skew:        0.013ns (DCD - SCD - CPR)
    Destination Clock Delay (DCD):    1.976ns
    Source Clock Delay      (SCD):    1.464ns
    Clock Pessimism Removal (CPR):    0.499ns

    Location             Delay type                Incr(ns)  Path(ns)    Netlist Resource(s)
  -------------------------------------------------------------------    -------------------
                         (clock clk rise edge)        0.000     0.000 r  
    W5                                                0.000     0.000 r  clk (IN)
                         net (fo=0)                   0.000     0.000    clk
    W5                   IBUF (Prop_ibuf_I_O)         0.226     0.226 r  clk_IBUF_inst/O
                         net (fo=1, routed)           0.631     0.858    clk_IBUF
    BUFGCTRL_X0Y0        BUFG (Prop_bufg_I_O)         0.026     0.884 r  clk_IBUF_BUFG_inst/O
                         net (fo=1140, routed)        0.581     1.464    u_regFile/CLK
    SLICE_X5Y26          FDCE                                         r  u_regFile/regs_reg[21][14]/C
  -------------------------------------------------------------------    -------------------
    SLICE_X5Y26          FDCE (Prop_fdce_C_Q)         0.141     1.605 r  u_regFile/regs_reg[21][14]/Q
                         net (fo=2, routed)           0.161     1.766    u_regFile/regs_reg[21][14]
    SLICE_X4Y27          LUT6 (Prop_lut6_I3_O)        0.045     1.811 r  u_regFile/memory_reg_0_255_14_14_i_9/O
                         net (fo=1, routed)           0.000     1.811    u_regFile/memory_reg_0_255_14_14_i_9_n_0
    SLICE_X4Y27          MUXF7 (Prop_muxf7_I1_O)      0.065     1.876 r  u_regFile/memory_reg_0_255_14_14_i_3/O
                         net (fo=1, routed)           0.140     2.016    u_regFile/memory_reg_0_255_14_14_i_3_n_0
    SLICE_X4Y27          LUT6 (Prop_lut6_I1_O)        0.108     2.124 r  u_regFile/memory_reg_0_255_14_14_i_1/O
                         net (fo=6, routed)           0.112     2.236    u_dataMem/memory_reg_0_255_14_14/D
    SLICE_X6Y26          RAMS64E                                      r  u_dataMem/memory_reg_0_255_14_14/RAMS64E_D/I
  -------------------------------------------------------------------    -------------------

                         (clock clk rise edge)        0.000     0.000 r  
    W5                                                0.000     0.000 r  clk (IN)
                         net (fo=0)                   0.000     0.000    clk
    W5                   IBUF (Prop_ibuf_I_O)         0.414     0.414 r  clk_IBUF_inst/O
                         net (fo=1, routed)           0.685     1.099    clk_IBUF
    BUFGCTRL_X0Y0        BUFG (Prop_bufg_I_O)         0.029     1.128 r  clk_IBUF_BUFG_inst/O
                         net (fo=1140, routed)        0.849     1.976    u_dataMem/memory_reg_0_255_14_14/WCLK
    SLICE_X6Y26          RAMS64E                                      r  u_dataMem/memory_reg_0_255_14_14/RAMS64E_D/CLK
                         clock pessimism             -0.499     1.477    
    SLICE_X6Y26          RAMS64E (Hold_rams64e_CLK_I)
                                                      0.144     1.621    u_dataMem/memory_reg_0_255_14_14/RAMS64E_D
  -------------------------------------------------------------------
                         required time                         -1.621    
                         arrival time                           2.236    
  -------------------------------------------------------------------
                         slack                                  0.615    

Slack (MET) :             0.616ns  (arrival time - required time)
  Source:                 u_regFile/regs_reg[20][11]/C
                            (rising edge-triggered cell FDCE clocked by clk  {rise@0.000ns fall@10.000ns period=20.000ns})
  Destination:            u_dataMem/memory_reg_0_255_11_11/RAMS64E_D/I
                            (rising edge-triggered cell RAMS64E clocked by clk  {rise@0.000ns fall@10.000ns period=20.000ns})
  Path Group:             clk
  Path Type:              Hold (Min at Fast Process Corner)
  Requirement:            0.000ns  (clk rise@0.000ns - clk rise@0.000ns)
  Data Path Delay:        0.790ns  (logic 0.368ns (46.583%)  route 0.422ns (53.417%))
  Logic Levels:           3  (LUT6=2 MUXF7=1)
  Clock Path Skew:        0.030ns (DCD - SCD - CPR)
    Destination Clock Delay (DCD):    1.947ns
    Source Clock Delay      (SCD):    1.439ns
    Clock Pessimism Removal (CPR):    0.478ns

    Location             Delay type                Incr(ns)  Path(ns)    Netlist Resource(s)
  -------------------------------------------------------------------    -------------------
                         (clock clk rise edge)        0.000     0.000 r  
    W5                                                0.000     0.000 r  clk (IN)
                         net (fo=0)                   0.000     0.000    clk
    W5                   IBUF (Prop_ibuf_I_O)         0.226     0.226 r  clk_IBUF_inst/O
                         net (fo=1, routed)           0.631     0.858    clk_IBUF
    BUFGCTRL_X0Y0        BUFG (Prop_bufg_I_O)         0.026     0.884 r  clk_IBUF_BUFG_inst/O
                         net (fo=1140, routed)        0.556     1.439    u_regFile/CLK
    SLICE_X11Y27         FDCE                                         r  u_regFile/regs_reg[20][11]/C
  -------------------------------------------------------------------    -------------------
    SLICE_X11Y27         FDCE (Prop_fdce_C_Q)         0.141     1.580 r  u_regFile/regs_reg[20][11]/Q
                         net (fo=2, routed)           0.135     1.715    u_regFile/regs_reg[20][11]
    SLICE_X13Y27         LUT6 (Prop_lut6_I3_O)        0.045     1.760 r  u_regFile/memory_reg_0_255_11_11_i_13/O
                         net (fo=1, routed)           0.000     1.760    u_regFile/memory_reg_0_255_11_11_i_13_n_0
    SLICE_X13Y27         MUXF7 (Prop_muxf7_I1_O)      0.074     1.834 r  u_regFile/memory_reg_0_255_11_11_i_5/O
                         net (fo=1, routed)           0.155     1.989    u_regFile/memory_reg_0_255_11_11_i_5_n_0
    SLICE_X14Y26         LUT6 (Prop_lut6_I5_O)        0.108     2.097 r  u_regFile/memory_reg_0_255_11_11_i_1/O
                         net (fo=6, routed)           0.132     2.229    u_dataMem/memory_reg_0_255_11_11/D
    SLICE_X14Y25         RAMS64E                                      r  u_dataMem/memory_reg_0_255_11_11/RAMS64E_D/I
  -------------------------------------------------------------------    -------------------

                         (clock clk rise edge)        0.000     0.000 r  
    W5                                                0.000     0.000 r  clk (IN)
                         net (fo=0)                   0.000     0.000    clk
    W5                   IBUF (Prop_ibuf_I_O)         0.414     0.414 r  clk_IBUF_inst/O
                         net (fo=1, routed)           0.685     1.099    clk_IBUF
    BUFGCTRL_X0Y0        BUFG (Prop_bufg_I_O)         0.029     1.128 r  clk_IBUF_BUFG_inst/O
                         net (fo=1140, routed)        0.820     1.947    u_dataMem/memory_reg_0_255_11_11/WCLK
    SLICE_X14Y25         RAMS64E                                      r  u_dataMem/memory_reg_0_255_11_11/RAMS64E_D/CLK
                         clock pessimism             -0.478     1.469    
    SLICE_X14Y25         RAMS64E (Hold_rams64e_CLK_I)
                                                      0.144     1.613    u_dataMem/memory_reg_0_255_11_11/RAMS64E_D
  -------------------------------------------------------------------
                         required time                         -1.613    
                         arrival time                           2.229    
  -------------------------------------------------------------------
                         slack                                  0.616    





Pulse Width Checks
--------------------------------------------------------------------------------------
Clock Name:         clk
Waveform(ns):       { 0.000 10.000 }
Period(ns):         20.000
Sources:            { clk }

Check Type        Corner  Lib Pin      Reference Pin  Required(ns)  Actual(ns)  Slack(ns)  Location       Pin
Min Period        n/a     BUFG/I       n/a            2.155         20.000      17.845     BUFGCTRL_X0Y0  clk_IBUF_BUFG_inst/I
Min Period        n/a     FDRE/C       n/a            1.000         20.000      19.000     SLICE_X0Y14    led_reg_reg[0]/C
Min Period        n/a     FDRE/C       n/a            1.000         20.000      19.000     SLICE_X0Y19    led_reg_reg[1]/C
Min Period        n/a     FDRE/C       n/a            1.000         20.000      19.000     SLICE_X7Y19    led_reg_reg[2]/C
Min Period        n/a     FDRE/C       n/a            1.000         20.000      19.000     SLICE_X7Y19    led_reg_reg[3]/C
Min Period        n/a     FDRE/C       n/a            1.000         20.000      19.000     SLICE_X0Y19    led_reg_reg[4]/C
Min Period        n/a     FDRE/C       n/a            1.000         20.000      19.000     SLICE_X0Y14    led_reg_reg[5]/C
Min Period        n/a     FDCE/C       n/a            1.000         20.000      19.000     SLICE_X4Y20    u_regFile/regs_reg[13][1]/C
Min Period        n/a     FDCE/C       n/a            1.000         20.000      19.000     SLICE_X10Y41   u_regFile/regs_reg[13][20]/C
Min Period        n/a     FDCE/C       n/a            1.000         20.000      19.000     SLICE_X8Y30    u_regFile/regs_reg[13][21]/C
Low Pulse Width   Fast    RAMS64E/CLK  n/a            1.250         10.000      8.750      SLICE_X14Y27   u_dataMem/memory_reg_0_255_13_13/RAMS64E_C/CLK
Low Pulse Width   Fast    RAMS64E/CLK  n/a            1.250         10.000      8.750      SLICE_X14Y27   u_dataMem/memory_reg_0_255_13_13/RAMS64E_D/CLK
Low Pulse Width   Fast    RAMS64E/CLK  n/a            1.250         10.000      8.750      SLICE_X6Y26    u_dataMem/memory_reg_0_255_14_14/RAMS64E_A/CLK
Low Pulse Width   Fast    RAMS64E/CLK  n/a            1.250         10.000      8.750      SLICE_X6Y26    u_dataMem/memory_reg_0_255_14_14/RAMS64E_B/CLK
Low Pulse Width   Fast    RAMS64E/CLK  n/a            1.250         10.000      8.750      SLICE_X6Y26    u_dataMem/memory_reg_0_255_14_14/RAMS64E_C/CLK
Low Pulse Width   Fast    RAMS64E/CLK  n/a            1.250         10.000      8.750      SLICE_X6Y26    u_dataMem/memory_reg_0_255_14_14/RAMS64E_D/CLK
Low Pulse Width   Fast    RAMS64E/CLK  n/a            1.250         10.000      8.750      SLICE_X2Y25    u_dataMem/memory_reg_0_255_4_4/RAMS64E_A/CLK
Low Pulse Width   Fast    RAMS64E/CLK  n/a            1.250         10.000      8.750      SLICE_X2Y25    u_dataMem/memory_reg_0_255_4_4/RAMS64E_B/CLK
Low Pulse Width   Fast    RAMS64E/CLK  n/a            1.250         10.000      8.750      SLICE_X2Y25    u_dataMem/memory_reg_0_255_4_4/RAMS64E_C/CLK
Low Pulse Width   Fast    RAMS64E/CLK  n/a            1.250         10.000      8.750      SLICE_X2Y25    u_dataMem/memory_reg_0_255_4_4/RAMS64E_D/CLK
High Pulse Width  Slow    RAMS64E/CLK  n/a            1.250         10.000      8.750      SLICE_X14Y23   u_dataMem/memory_reg_0_255_10_10/RAMS64E_A/CLK
High Pulse Width  Slow    RAMS64E/CLK  n/a            1.250         10.000      8.750      SLICE_X14Y23   u_dataMem/memory_reg_0_255_10_10/RAMS64E_B/CLK
High Pulse Width  Slow    RAMS64E/CLK  n/a            1.250         10.000      8.750      SLICE_X14Y23   u_dataMem/memory_reg_0_255_10_10/RAMS64E_C/CLK
High Pulse Width  Slow    RAMS64E/CLK  n/a            1.250         10.000      8.750      SLICE_X14Y23   u_dataMem/memory_reg_0_255_10_10/RAMS64E_D/CLK
High Pulse Width  Slow    RAMS64E/CLK  n/a            1.250         10.000      8.750      SLICE_X6Y26    u_dataMem/memory_reg_0_255_14_14/RAMS64E_A/CLK
High Pulse Width  Slow    RAMS64E/CLK  n/a            1.250         10.000      8.750      SLICE_X6Y26    u_dataMem/memory_reg_0_255_14_14/RAMS64E_B/CLK
High Pulse Width  Slow    RAMS64E/CLK  n/a            1.250         10.000      8.750      SLICE_X6Y26    u_dataMem/memory_reg_0_255_14_14/RAMS64E_C/CLK
High Pulse Width  Slow    RAMS64E/CLK  n/a            1.250         10.000      8.750      SLICE_X6Y26    u_dataMem/memory_reg_0_255_14_14/RAMS64E_D/CLK
High Pulse Width  Slow    RAMS64E/CLK  n/a            1.250         10.000      8.750      SLICE_X2Y25    u_dataMem/memory_reg_0_255_4_4/RAMS64E_A/CLK
High Pulse Width  Slow    RAMS64E/CLK  n/a            1.250         10.000      8.750      SLICE_X2Y25    u_dataMem/memory_reg_0_255_4_4/RAMS64E_B/CLK



